SP,SR,ID,Tank,Treat,Date,Dead,
Cedar,Nanaimo,CB23,6,12A,2018-07-16,0,
Cedar,Nanaimo,CB23,6,12A,2018-08-01,1,
Cedar,Nanaimo,CB35,6,12A,2018-07-16,0,
Cedar,Nanaimo,CB35,6,12A,2018-08-01,1,
Cedar,Nanaimo,CB63,6,12A,2018-07-16,0,
Cedar,Nanaimo,CB63,6,12A,2018-08-01,1,
Cedar,Nanaimo,CB83,6,12A,2018-07-16,0,
Cedar,Nanaimo,CB83,6,12A,2018-08-01,1,
Cedar,Nanaimo,CB97,6,12A,2018-07-16,0,
Cedar,Nanaimo,CB97,6,12A,2018-08-01,1,
Cedar,Nanaimo,CO27,6,12A,2018-07-16,0,
Cedar,Nanaimo,CO27,6,12A,2018-08-01,1,
Cedar,Nanaimo,CO49,6,12A,2018-07-16,0,
Cedar,Nanaimo,CO49,6,12A,2018-08-01,1,
Heron,Nanaimo,HG36,6,12A,2018-07-16,0,
Heron,Nanaimo,HG36,6,12A,2018-08-01,1,
Heron,Nanaimo,HG38,6,12A,2018-07-16,0,
Heron,Nanaimo,HG38,6,12A,2018-08-01,1,
Heron,Nanaimo,HG40,6,12A,2018-07-16,0,
Heron,Nanaimo,HG40,6,12A,2018-08-01,1,
Heron,Nanaimo,HG59,6,12A,2018-07-16,0,
Heron,Nanaimo,HG59,6,12A,2018-08-01,1,
Heron,Nanaimo,HW43,6,12A,2018-07-16,0,
Heron,Nanaimo,HW43,6,12A,2018-08-01,1,
Heron,Nanaimo,HW77,6,12A,2018-07-16,0,
Heron,Nanaimo,HW77,6,12A,2018-08-01,1,
Heron,Nanaimo,HW78,6,12A,2018-07-16,0,
Heron,Nanaimo,HW78,6,12A,2018-08-01,1,
Kwak,Calvert,KB25,6,12A,2018-07-16,0,
Kwak,Calvert,KB25,6,12A,2018-08-01,1,
Kwak,Calvert,KB46,6,12A,2018-07-16,0,
Kwak,Calvert,KB46,6,12A,2018-08-01,1,
Kwak,Calvert,KB60,6,12A,2018-07-16,0,
Kwak,Calvert,KB60,6,12A,2018-08-01,1,
Kwak,Calvert,KB77,6,12A,2018-07-16,0,
Kwak,Calvert,KB77,6,12A,2018-08-01,1,
Kwak,Calvert,KB92,6,12A,2018-07-16,0,
Kwak,Calvert,KB92,6,12A,2018-08-01,1,
Kwak,Calvert,KG12,6,12A,2018-07-16,0,
Kwak,Calvert,KG12,6,12A,2018-08-01,1,
Kwak,Calvert,KG88,6,12A,2018-07-16,0,
Kwak,Calvert,KG88,6,12A,2018-08-01,1,
Pruth,Calvert,PO11,6,12A,2018-07-16,0,
Pruth,Calvert,PO11,6,12A,2018-08-01,1,
Pruth,Calvert,PO64,6,12A,2018-07-16,0,
Pruth,Calvert,PO64,6,12A,2018-08-01,1,
Pruth,Calvert,PO66,6,12A,2018-07-16,0,
Pruth,Calvert,PO66,6,12A,2018-08-01,1,
Pruth,Calvert,PO72,6,12A,2018-07-16,0,
Pruth,Calvert,PO72,6,12A,2018-08-01,1,
Pruth,Calvert,PO74,6,12A,2018-07-16,0,
Pruth,Calvert,PO74,6,12A,2018-08-01,1,
Pruth,Calvert,PO85,6,12A,2018-07-16,0,
Pruth,Calvert,PO85,6,12A,2018-08-01,1,
Pruth,Calvert,PO92,6,12A,2018-07-16,0,
Pruth,Calvert,PO92,6,12A,2018-08-01,1,
Cedar,Nanaimo,CB03,9,12A,2018-07-16,0,
Cedar,Nanaimo,CB03,9,12A,2018-09-03,0,
Cedar,Nanaimo,CB25,9,12A,2018-07-16,0,
Cedar,Nanaimo,CB25,9,12A,2018-09-03,0,
Cedar,Nanaimo,CB57,9,12A,2018-07-16,0,
Cedar,Nanaimo,CB57,9,12A,2018-09-03,0,
Cedar,Nanaimo,CB69,9,12A,2018-07-16,0,
Cedar,Nanaimo,CB69,9,12A,2018-09-03,0,
Cedar,Nanaimo,CB79,9,12A,2018-07-16,0,
Cedar,Nanaimo,CB79,9,12A,2018-09-03,0,
Cedar,Nanaimo,CO32,9,12A,2018-07-16,0,
Cedar,Nanaimo,CO32,9,12A,2018-09-03,0,
Cedar,Nanaimo,CO44,9,12A,2018-07-16,0,
Cedar,Nanaimo,CO44,9,12A,2018-09-03,0,
Heron,Nanaimo,HG53,9,12A,2018-07-16,0,
Heron,Nanaimo,HG53,9,12A,2018-09-03,0,
Heron,Nanaimo,HG63,9,12A,2018-07-16,0,
Heron,Nanaimo,HG63,9,12A,2018-09-03,0,
Heron,Nanaimo,HG66,9,12A,2018-07-16,0,
Heron,Nanaimo,HG66,9,12A,2018-09-03,0,
Heron,Nanaimo,HG91,9,12A,2018-07-16,0,
Heron,Nanaimo,HG91,9,12A,2018-09-03,0,
Heron,Nanaimo,HW51,9,12A,2018-07-16,0,
Heron,Nanaimo,HW51,9,12A,2018-09-03,0,
Heron,Nanaimo,HW55,9,12A,2018-07-16,0,
Heron,Nanaimo,HW55,9,12A,2018-09-03,0,
Heron,Nanaimo,HW85,9,12A,2018-07-16,0,
Heron,Nanaimo,HW85,9,12A,2018-09-03,0,
Heron,Nanaimo,HW90,9,12A,2018-07-16,0,
Heron,Nanaimo,HW90,9,12A,2018-09-03,0,
Kwak,Calvert,KB02,9,12A,2018-07-16,0,
Kwak,Calvert,KB02,9,12A,2018-09-03,0,
Kwak,Calvert,KB39,9,12A,2018-07-16,0,
Kwak,Calvert,KB39,9,12A,2018-09-03,0,
Kwak,Calvert,KB57,9,12A,2018-07-16,0,
Kwak,Calvert,KB57,9,12A,2018-09-03,0,
Kwak,Calvert,KB85,9,12A,2018-07-16,0,
Kwak,Calvert,KB85,9,12A,2018-09-03,0,
Kwak,Calvert,KG03,9,12A,2018-07-16,0,
Kwak,Calvert,KG03,9,12A,2018-09-03,0,
Kwak,Calvert,KG35,9,12A,2018-07-16,0,
Kwak,Calvert,KG35,9,12A,2018-09-03,0,
Kwak,Calvert,KG61,9,12A,2018-07-16,0,
Kwak,Calvert,KG61,9,12A,2018-09-03,0,
Pruth,Calvert,PO25,9,12A,2018-07-16,0,
Pruth,Calvert,PO25,9,12A,2018-09-03,0,
Pruth,Calvert,PO71,9,12A,2018-07-16,0,
Pruth,Calvert,PO71,9,12A,2018-09-03,0,
Pruth,Calvert,PO75,9,12A,2018-07-16,0,
Pruth,Calvert,PO75,9,12A,2018-09-03,0,
Pruth,Calvert,PO80,9,12A,2018-07-16,0,
Pruth,Calvert,PO80,9,12A,2018-09-03,0,
Pruth,Calvert,PY17,9,12A,2018-07-16,0,
Pruth,Calvert,PY17,9,12A,2018-09-03,0,
Pruth,Calvert,PY23,9,12A,2018-07-16,0,
Pruth,Calvert,PY23,9,12A,2018-09-03,0,
Pruth,Calvert,PY57,9,12A,2018-07-16,0,
Pruth,Calvert,PY57,9,12A,2018-09-03,0,
Cedar,Nanaimo,CB24,12,12A,2018-07-16,0,
Cedar,Nanaimo,CB24,12,12A,2018-09-03,0,
Cedar,Nanaimo,CB75,12,12A,2018-07-16,0,
Cedar,Nanaimo,CB75,12,12A,2018-09-03,0,
Cedar,Nanaimo,CB80,12,12A,2018-07-16,0,
Cedar,Nanaimo,CB80,12,12A,2018-09-03,0,
Cedar,Nanaimo,CB82,12,12A,2018-07-16,0,
Cedar,Nanaimo,CB82,12,12A,2018-09-03,0,
Cedar,Nanaimo,CO18,12,12A,2018-07-16,0,
Cedar,Nanaimo,CO18,12,12A,2018-09-03,0,
Cedar,Nanaimo,CO99,12,12A,2018-07-16,0,
Cedar,Nanaimo,CO99,12,12A,2018-09-03,0,
Cedar,Nanaimo,CY41,12,12A,2018-07-16,0,
Cedar,Nanaimo,CY41,12,12A,2018-09-03,0,
Heron,Nanaimo,HG61,12,12A,2018-07-16,0,
Heron,Nanaimo,HG61,12,12A,2018-09-03,0,
Heron,Nanaimo,HG69,12,12A,2018-07-16,0,
Heron,Nanaimo,HG69,12,12A,2018-09-03,0,
Heron,Nanaimo,HG73,12,12A,2018-07-16,0,
Heron,Nanaimo,HG73,12,12A,2018-09-03,0,
Heron,Nanaimo,HG74,12,12A,2018-07-16,0,
Heron,Nanaimo,HG74,12,12A,2018-09-03,0,
Heron,Nanaimo,HG99,12,12A,2018-07-16,0,
Heron,Nanaimo,HG99,12,12A,2018-09-03,0,
Heron,Nanaimo,HW35,12,12A,2018-07-16,0,
Heron,Nanaimo,HW35,12,12A,2018-09-03,0,
Heron,Nanaimo,HW42,12,12A,2018-07-16,0,
Heron,Nanaimo,HW42,12,12A,2018-09-03,0,
Heron,Nanaimo,HW99,12,12A,2018-07-16,0,
Heron,Nanaimo,HW99,12,12A,2018-09-03,0,
Kwak,Calvert,KB08,12,12A,2018-07-16,0,
Kwak,Calvert,KB08,12,12A,2018-09-03,0,
Kwak,Calvert,KB15,12,12A,2018-07-16,0,
Kwak,Calvert,KB15,12,12A,2018-09-03,0,
Kwak,Calvert,KB17,12,12A,2018-07-16,0,
Kwak,Calvert,KB17,12,12A,2018-09-03,0,
Kwak,Calvert,KB55,12,12A,2018-07-16,0,
Kwak,Calvert,KB55,12,12A,2018-09-03,0,
Kwak,Calvert,KG10,12,12A,2018-07-16,0,
Kwak,Calvert,KG10,12,12A,2018-09-03,0,
Kwak,Calvert,KG69,12,12A,2018-07-16,0,
Kwak,Calvert,KG69,12,12A,2018-09-03,0,
Kwak,Calvert,KG73,12,12A,2018-07-16,0,
Kwak,Calvert,KG73,12,12A,2018-09-03,0,
Pruth,Calvert,PO06,12,12A,2018-07-16,0,
Pruth,Calvert,PO06,12,12A,2018-09-03,0,
Pruth,Calvert,PO07,12,12A,2018-07-16,0,
Pruth,Calvert,PO07,12,12A,2018-09-03,0,
Pruth,Calvert,PO17,12,12A,2018-07-16,0,
Pruth,Calvert,PO17,12,12A,2018-09-03,0,
Pruth,Calvert,PO78,12,12A,2018-07-16,0,
Pruth,Calvert,PO78,12,12A,2018-09-03,0,
Pruth,Calvert,PY62,12,12A,2018-07-16,0,
Pruth,Calvert,PY62,12,12A,2018-09-03,0,
Pruth,Calvert,PY75,12,12A,2018-07-16,0,
Pruth,Calvert,PY75,12,12A,2018-09-03,0,
Pruth,Calvert,PY84,12,12A,2018-07-16,0,
Pruth,Calvert,PY84,12,12A,2018-09-03,0,
Cedar,Nanaimo,CB08,16,12A,2018-07-16,0,
Cedar,Nanaimo,CB08,16,12A,2018-09-03,0,
Cedar,Nanaimo,CB14,16,12A,2018-07-16,0,
Cedar,Nanaimo,CB14,16,12A,2018-09-03,0,
Cedar,Nanaimo,CB22,16,12A,2018-07-16,0,
Cedar,Nanaimo,CB22,16,12A,2018-09-03,0,
Cedar,Nanaimo,CB50,16,12A,2018-07-16,0,
Cedar,Nanaimo,CB50,16,12A,2018-09-03,0,
Cedar,Nanaimo,CO05,16,12A,2018-07-16,0,
Cedar,Nanaimo,CO05,16,12A,2018-09-03,0,
Cedar,Nanaimo,CO23,16,12A,2018-07-16,0,
Cedar,Nanaimo,CO23,16,12A,2018-09-03,0,
Cedar,Nanaimo,CO28,16,12A,2018-07-16,0,
Cedar,Nanaimo,CO28,16,12A,2018-09-03,0,
Heron,Nanaimo,HW16,16,12A,2018-07-16,0,
Heron,Nanaimo,HW16,16,12A,2018-09-03,0,
Heron,Nanaimo,HW32,16,12A,2018-07-16,0,
Heron,Nanaimo,HW32,16,12A,2018-09-03,0,
Heron,Nanaimo,HW40,16,12A,2018-07-16,0,
Heron,Nanaimo,HW40,16,12A,2018-09-03,0,
Heron,Nanaimo,HW67,16,12A,2018-07-16,0,
Heron,Nanaimo,HW67,16,12A,2018-09-03,0,
Heron,Nanaimo,HW69,16,12A,2018-07-16,0,
Heron,Nanaimo,HW69,16,12A,2018-09-03,0,
Heron,Nanaimo,HW72,16,12A,2018-07-16,0,
Heron,Nanaimo,HW72,16,12A,2018-09-03,0,
Heron,Nanaimo,HW87,16,12A,2018-07-16,0,
Heron,Nanaimo,HW87,16,12A,2018-09-03,0,
Kwak,Calvert,KB33,16,12A,2018-07-16,0,
Kwak,Calvert,KB33,16,12A,2018-09-03,0,
Kwak,Calvert,KB67,16,12A,2018-07-16,0,
Kwak,Calvert,KB67,16,12A,2018-09-03,0,
Kwak,Calvert,KB95,16,12A,2018-07-16,0,
Kwak,Calvert,KB95,16,12A,2018-09-03,0,
Kwak,Calvert,KG01,16,12A,2018-07-16,0,
Kwak,Calvert,KG01,16,12A,2018-09-03,0,
Kwak,Calvert,KG26,16,12A,2018-07-16,0,
Kwak,Calvert,KG26,16,12A,2018-09-03,0,
Kwak,Calvert,KG57,16,12A,2018-07-16,0,
Kwak,Calvert,KG57,16,12A,2018-09-03,0,
Kwak,Calvert,KG78,16,12A,2018-07-16,0,
Kwak,Calvert,KG78,16,12A,2018-09-03,0,
Pruth,Calvert,PO19,16,12A,2018-07-16,0,
Pruth,Calvert,PO19,16,12A,2018-09-03,0,
Pruth,Calvert,PO27,16,12A,2018-07-16,0,
Pruth,Calvert,PO27,16,12A,2018-09-03,0,
Pruth,Calvert,PO57,16,12A,2018-07-16,0,
Pruth,Calvert,PO57,16,12A,2018-09-03,0,
Pruth,Calvert,PO94,16,12A,2018-07-16,0,
Pruth,Calvert,PO94,16,12A,2018-09-03,0,
Pruth,Calvert,PY09,16,12A,2018-07-16,0,
Pruth,Calvert,PY09,16,12A,2018-09-03,0,
Pruth,Calvert,PY61,16,12A,2018-07-16,0,
Pruth,Calvert,PY61,16,12A,2018-09-03,0,
Pruth,Calvert,PY74,16,12A,2018-07-16,0,
Pruth,Calvert,PY74,16,12A,2018-09-03,0,
Cedar,Nanaimo,CB10,4,15A,2018-07-16,0,
Cedar,Nanaimo,CB10,4,15A,2018-09-03,0,
Cedar,Nanaimo,CB11,4,15A,2018-07-16,0,
Cedar,Nanaimo,CB11,4,15A,2018-09-03,0,
Cedar,Nanaimo,CB21,4,15A,2018-07-16,0,
Cedar,Nanaimo,CB21,4,15A,2018-09-03,0,
Cedar,Nanaimo,CB34,4,15A,2018-07-16,0,
Cedar,Nanaimo,CB34,4,15A,2018-09-03,0,
Cedar,Nanaimo,CB36,4,15A,2018-07-16,0,
Cedar,Nanaimo,CB36,4,15A,2018-09-03,0,
Cedar,Nanaimo,CB71,4,15A,2018-07-16,0,
Cedar,Nanaimo,CB71,4,15A,2018-09-03,0,
Cedar,Nanaimo,CO26,4,15A,2018-07-16,0,
Cedar,Nanaimo,CO26,4,15A,2018-09-03,0,
Heron,Nanaimo,HG78,4,15A,2018-07-16,0,
Heron,Nanaimo,HG78,4,15A,2018-09-03,0,
Heron,Nanaimo,HG82,4,15A,2018-07-16,0,
Heron,Nanaimo,HG82,4,15A,2018-09-03,0,
Heron,Nanaimo,HG88,4,15A,2018-07-16,0,
Heron,Nanaimo,HG88,4,15A,2018-09-03,0,
Heron,Nanaimo,HG90,4,15A,2018-07-16,0,
Heron,Nanaimo,HG90,4,15A,2018-09-03,0,
Heron,Nanaimo,HW19,4,15A,2018-07-16,0,
Heron,Nanaimo,HW19,4,15A,2018-09-03,0,
Heron,Nanaimo,HW50,4,15A,2018-07-16,0,
Heron,Nanaimo,HW50,4,15A,2018-09-03,0,
Heron,Nanaimo,HW88,4,15A,2018-07-16,0,
Heron,Nanaimo,HW88,4,15A,2018-09-03,0,
Kwak,Calvert,KB41,4,15A,2018-07-16,0,
Kwak,Calvert,KB41,4,15A,2018-09-03,0,
Kwak,Calvert,KB42,4,15A,2018-07-16,0,
Kwak,Calvert,KB42,4,15A,2018-09-03,0,
Kwak,Calvert,KB50,4,15A,2018-07-16,0,
Kwak,Calvert,KB50,4,15A,2018-09-03,0,
Kwak,Calvert,KB76,4,15A,2018-07-16,0,
Kwak,Calvert,KB76,4,15A,2018-09-03,0,
Kwak,Calvert,KG02,4,15A,2018-07-16,0,
Kwak,Calvert,KG02,4,15A,2018-09-03,0,
Kwak,Calvert,KG08,4,15A,2018-07-16,0,
Kwak,Calvert,KG08,4,15A,2018-09-03,0,
Kwak,Calvert,KG27,4,15A,2018-07-16,0,
Kwak,Calvert,KG27,4,15A,2018-09-03,0,
Pruth,Calvert,PO18,4,15A,2018-07-16,0,
Pruth,Calvert,PO18,4,15A,2018-09-03,0,
Pruth,Calvert,PO22,4,15A,2018-07-16,0,
Pruth,Calvert,PO22,4,15A,2018-09-03,0,
Pruth,Calvert,PY07,4,15A,2018-07-16,0,
Pruth,Calvert,PY07,4,15A,2018-09-03,0,
Pruth,Calvert,PY65,4,15A,2018-07-16,0,
Pruth,Calvert,PY65,4,15A,2018-09-03,0,
Pruth,Calvert,PY83,4,15A,2018-07-16,0,
Pruth,Calvert,PY83,4,15A,2018-09-03,0,
Pruth,Calvert,PY89,4,15A,2018-07-16,0,
Pruth,Calvert,PY89,4,15A,2018-09-03,0,
Pruth,Calvert,PY92,4,15A,2018-07-16,0,
Pruth,Calvert,PY92,4,15A,2018-09-03,0,
Cedar,Nanaimo,CB48,7,15A,2018-07-16,0,
Cedar,Nanaimo,CB48,7,15A,2018-09-03,0,
Cedar,Nanaimo,CB84,7,15A,2018-07-16,0,
Cedar,Nanaimo,CB84,7,15A,2018-09-03,0,
Cedar,Nanaimo,CO22,7,15A,2018-07-16,0,
Cedar,Nanaimo,CO22,7,15A,2018-09-03,0,
Cedar,Nanaimo,CO36,7,15A,2018-07-16,0,
Cedar,Nanaimo,CO36,7,15A,2018-09-03,0,
Cedar,Nanaimo,CO90,7,15A,2018-07-16,0,
Cedar,Nanaimo,CO90,7,15A,2018-09-03,0,
Cedar,Nanaimo,CO96,7,15A,2018-07-16,0,
Cedar,Nanaimo,CO96,7,15A,2018-09-03,0,
Cedar,Nanaimo,CO98,7,15A,2018-07-16,0,
Cedar,Nanaimo,CO98,7,15A,2018-09-03,0,
Heron,Nanaimo,HG21,7,15A,2018-07-16,0,
Heron,Nanaimo,HG21,7,15A,2018-09-03,0,
Heron,Nanaimo,HG47,7,15A,2018-07-16,0,
Heron,Nanaimo,HG47,7,15A,2018-09-03,0,
Heron,Nanaimo,HG62,7,15A,2018-07-16,0,
Heron,Nanaimo,HG62,7,15A,2018-09-03,0,
Heron,Nanaimo,HG75,7,15A,2018-07-16,0,
Heron,Nanaimo,HG75,7,15A,2018-09-03,0,
Heron,Nanaimo,HG86,7,15A,2018-07-16,0,
Heron,Nanaimo,HG86,7,15A,2018-09-03,0,
Heron,Nanaimo,HW18,7,15A,2018-07-16,0,
Heron,Nanaimo,HW18,7,15A,2018-09-03,0,
Heron,Nanaimo,HW57,7,15A,2018-07-16,0,
Heron,Nanaimo,HW57,7,15A,2018-09-03,0,
Kwak,Calvert,KB13,7,15A,2018-07-16,0,
Kwak,Calvert,KB13,7,15A,2018-09-03,0,
Kwak,Calvert,KB29,7,15A,2018-07-16,0,
Kwak,Calvert,KB29,7,15A,2018-09-03,0,
Kwak,Calvert,KB64,7,15A,2018-07-16,0,
Kwak,Calvert,KB64,7,15A,2018-09-03,0,
Kwak,Calvert,KG06,7,15A,2018-07-16,0,
Kwak,Calvert,KG06,7,15A,2018-09-03,0,
Kwak,Calvert,KG33,7,15A,2018-07-16,0,
Kwak,Calvert,KG33,7,15A,2018-09-03,0,
Kwak,Calvert,KG56,7,15A,2018-07-16,0,
Kwak,Calvert,KG56,7,15A,2018-09-03,0,
Kwak,Calvert,KG87,7,15A,2018-07-16,0,
Kwak,Calvert,KG87,7,15A,2018-09-03,0,
Kwak,Calvert,KG97,7,15A,2018-07-16,0,
Kwak,Calvert,KG97,7,15A,2018-09-03,0,
Pruth,Calvert,PO15,7,15A,2018-07-16,0,
Pruth,Calvert,PO15,7,15A,2018-09-03,0,
Pruth,Calvert,PO39,7,15A,2018-07-16,0,
Pruth,Calvert,PO39,7,15A,2018-08-01,1,
Pruth,Calvert,PO43,7,15A,2018-07-16,0,
Pruth,Calvert,PO43,7,15A,2018-09-03,0,
Pruth,Calvert,PY03,7,15A,2018-07-16,0,
Pruth,Calvert,PY03,7,15A,2018-09-03,0,
Pruth,Calvert,PY10,7,15A,2018-07-16,0,
Pruth,Calvert,PY10,7,15A,2018-09-03,0,
Pruth,Calvert,PY14,7,15A,2018-07-16,0,
Pruth,Calvert,PY14,7,15A,2018-09-03,0,
Pruth,Calvert,PY33,7,15A,2018-07-16,0,
Pruth,Calvert,PY33,7,15A,2018-09-03,0,
Cedar,Nanaimo,CB42,11,15A,2018-07-16,0,
Cedar,Nanaimo,CB42,11,15A,2018-09-03,0,
Cedar,Nanaimo,CB45,11,15A,2018-07-16,0,
Cedar,Nanaimo,CB45,11,15A,2018-09-03,0,
Cedar,Nanaimo,CB66,11,15A,2018-07-16,0,
Cedar,Nanaimo,CB66,11,15A,2018-09-03,0,
Cedar,Nanaimo,CB77,11,15A,2018-07-16,0,
Cedar,Nanaimo,CB77,11,15A,2018-09-03,0,
Cedar,Nanaimo,CB81,11,15A,2018-07-16,0,
Cedar,Nanaimo,CB81,11,15A,2018-09-03,0,
Cedar,Nanaimo,CO06,11,15A,2018-07-16,0,
Cedar,Nanaimo,CO06,11,15A,2018-09-03,0,
Cedar,Nanaimo,CO38,11,15A,2018-07-16,0,
Cedar,Nanaimo,CO38,11,15A,2018-09-03,0,
Heron,Nanaimo,HG29,11,15A,2018-07-16,0,
Heron,Nanaimo,HG29,11,15A,2018-09-03,0,
Heron,Nanaimo,HG31,11,15A,2018-07-16,0,
Heron,Nanaimo,HG31,11,15A,2018-09-03,0,
Heron,Nanaimo,HG56,11,15A,2018-07-16,0,
Heron,Nanaimo,HG56,11,15A,2018-09-03,0,
Heron,Nanaimo,HG96,11,15A,2018-07-16,0,
Heron,Nanaimo,HG96,11,15A,2018-09-03,0,
Heron,Nanaimo,HW05,11,15A,2018-07-16,0,
Heron,Nanaimo,HW05,11,15A,2018-09-03,0,
Heron,Nanaimo,HW06,11,15A,2018-07-16,0,
Heron,Nanaimo,HW06,11,15A,2018-09-03,0,
Heron,Nanaimo,HW82,11,15A,2018-07-16,0,
Heron,Nanaimo,HW82,11,15A,2018-09-03,0,
Kwak,Calvert,KB16,11,15A,2018-07-16,0,
Kwak,Calvert,KB16,11,15A,2018-09-03,0,
Kwak,Calvert,KB75,11,15A,2018-07-16,0,
Kwak,Calvert,KB75,11,15A,2018-09-03,0,
Kwak,Calvert,KB83,11,15A,2018-07-16,0,
Kwak,Calvert,KB83,11,15A,2018-09-03,0,
Kwak,Calvert,KG07,11,15A,2018-07-16,0,
Kwak,Calvert,KG07,11,15A,2018-09-03,0,
Kwak,Calvert,KG11,11,15A,2018-07-16,0,
Kwak,Calvert,KG11,11,15A,2018-09-03,0,
Kwak,Calvert,KG15,11,15A,2018-07-16,0,
Kwak,Calvert,KG15,11,15A,2018-09-03,0,
Kwak,Calvert,KG92,11,15A,2018-07-16,0,
Kwak,Calvert,KG92,11,15A,2018-09-03,0,
Pruth,Calvert,PO13,11,15A,2018-07-16,0,
Pruth,Calvert,PO13,11,15A,2018-09-03,0,
Pruth,Calvert,PO55,11,15A,2018-07-16,0,
Pruth,Calvert,PO55,11,15A,2018-09-03,0,
Pruth,Calvert,PO68,11,15A,2018-07-16,0,
Pruth,Calvert,PO68,11,15A,2018-09-03,0,
Pruth,Calvert,PO77,11,15A,2018-07-16,0,
Pruth,Calvert,PO77,11,15A,2018-09-03,0,
Pruth,Calvert,PY01,11,15A,2018-07-16,0,
Pruth,Calvert,PY01,11,15A,2018-09-03,0,
Pruth,Calvert,PY31,11,15A,2018-07-16,0,
Pruth,Calvert,PY31,11,15A,2018-09-03,0,
Pruth,Calvert,PY88,11,15A,2018-07-16,0,
Pruth,Calvert,PY88,11,15A,2018-09-03,0,
Cedar,Nanaimo,CB20,14,15A,2018-07-16,0,
Cedar,Nanaimo,CB20,14,15A,2018-09-03,0,
Cedar,Nanaimo,CB59,14,15A,2018-07-16,0,
Cedar,Nanaimo,CB59,14,15A,2018-09-03,0,
Cedar,Nanaimo,CO03,14,15A,2018-07-16,0,
Cedar,Nanaimo,CO03,14,15A,2018-09-03,0,
Cedar,Nanaimo,CO10,14,15A,2018-07-16,0,
Cedar,Nanaimo,CO10,14,15A,2018-09-03,0,
Cedar,Nanaimo,CO45,14,15A,2018-07-16,0,
Cedar,Nanaimo,CO45,14,15A,2018-09-03,0,
Cedar,Nanaimo,CO46,14,15A,2018-07-16,0,
Cedar,Nanaimo,CO46,14,15A,2018-08-08,1,
Cedar,Nanaimo,CO87,14,15A,2018-07-16,0,
Cedar,Nanaimo,CO87,14,15A,2018-09-03,0,
Heron,Nanaimo,HG83,14,15A,2018-07-16,0,
Heron,Nanaimo,HG83,14,15A,2018-08-08,1,
Heron,Nanaimo,HW30,14,15A,2018-07-16,0,
Heron,Nanaimo,HW30,14,15A,2018-09-03,0,
Heron,Nanaimo,HW33,14,15A,2018-07-16,0,
Heron,Nanaimo,HW33,14,15A,2018-08-08,1,
Heron,Nanaimo,HW48,14,15A,2018-07-16,0,
Heron,Nanaimo,HW48,14,15A,2018-09-03,0,
Heron,Nanaimo,HW53,14,15A,2018-07-16,0,
Heron,Nanaimo,HW53,14,15A,2018-09-03,0,
Heron,Nanaimo,HW60,14,15A,2018-07-16,0,
Heron,Nanaimo,HW60,14,15A,2018-09-03,0,
Heron,Nanaimo,HW71,14,15A,2018-07-16,0,
Heron,Nanaimo,HW71,14,15A,2018-09-03,0,
Kwak,Calvert,KB26,14,15A,2018-07-16,0,
Kwak,Calvert,KB26,14,15A,2018-09-03,0,
Kwak,Calvert,KB54,14,15A,2018-07-16,0,
Kwak,Calvert,KB54,14,15A,2018-09-03,0,
Kwak,Calvert,KB89,14,15A,2018-07-16,0,
Kwak,Calvert,KB89,14,15A,2018-09-03,0,
Kwak,Calvert,KB90,14,15A,2018-07-16,0,
Kwak,Calvert,KB90,14,15A,2018-09-03,0,
Kwak,Calvert,KG65,14,15A,2018-07-16,0,
Kwak,Calvert,KG65,14,15A,2018-08-14,1,
Kwak,Calvert,KG68,14,15A,2018-07-16,0,
Kwak,Calvert,KG68,14,15A,2018-09-03,0,
Kwak,Calvert,KG99,14,15A,2018-07-16,0,
Kwak,Calvert,KG99,14,15A,2018-09-03,0,
Pruth,Calvert,PO14,14,15A,2018-07-16,0,
Pruth,Calvert,PO14,14,15A,2018-09-03,0,
Pruth,Calvert,PO30,14,15A,2018-07-16,0,
Pruth,Calvert,PO30,14,15A,2018-09-03,0,
Pruth,Calvert,PO33,14,15A,2018-07-16,0,
Pruth,Calvert,PO33,14,15A,2018-09-03,0,
Pruth,Calvert,PO53,14,15A,2018-07-16,0,
Pruth,Calvert,PO53,14,15A,2018-09-03,0,
Pruth,Calvert,PO83,14,15A,2018-07-16,0,
Pruth,Calvert,PO83,14,15A,2018-08-02,1,
Pruth,Calvert,PY20,14,15A,2018-07-16,0,
Pruth,Calvert,PY20,14,15A,2018-09-03,0,
Pruth,Calvert,PY29,14,15A,2018-07-16,0,
Pruth,Calvert,PY29,14,15A,2018-09-03,0,
Cedar,Nanaimo,CB15,17,15L,2018-07-16,0,
Cedar,Nanaimo,CB15,17,15L,2018-09-03,0,
Cedar,Nanaimo,CB29,17,15L,2018-07-16,0,
Cedar,Nanaimo,CB29,17,15L,2018-09-03,0,
Cedar,Nanaimo,CB85,17,15L,2018-07-16,0,
Cedar,Nanaimo,CB85,17,15L,2018-09-03,0,
Cedar,Nanaimo,CB96,17,15L,2018-07-16,0,
Cedar,Nanaimo,CB96,17,15L,2018-09-03,0,
Cedar,Nanaimo,CO39,17,15L,2018-07-16,0,
Cedar,Nanaimo,CO39,17,15L,2018-09-03,0,
Cedar,Nanaimo,CO50,17,15L,2018-07-16,0,
Cedar,Nanaimo,CO50,17,15L,2018-09-03,0,
Cedar,Nanaimo,CO88,17,15L,2018-07-16,0,
Cedar,Nanaimo,CO88,17,15L,2018-09-03,0,
Heron,Nanaimo,HG77,17,15L,2018-07-16,0,
Heron,Nanaimo,HG77,17,15L,2018-09-03,0,
Heron,Nanaimo,HW02,17,15L,2018-07-16,0,
Heron,Nanaimo,HW02,17,15L,2018-09-03,0,
Heron,Nanaimo,HW14,17,15L,2018-07-16,0,
Heron,Nanaimo,HW14,17,15L,2018-09-03,0,
Heron,Nanaimo,HW24,17,15L,2018-07-16,0,
Heron,Nanaimo,HW24,17,15L,2018-09-03,0,
Heron,Nanaimo,HW44,17,15L,2018-07-16,0,
Heron,Nanaimo,HW44,17,15L,2018-09-03,0,
Heron,Nanaimo,HW64,17,15L,2018-07-16,0,
Heron,Nanaimo,HW64,17,15L,2018-09-03,0,
Heron,Nanaimo,HW81,17,15L,2018-07-16,0,
Heron,Nanaimo,HW81,17,15L,2018-09-03,0,
Kwak,Calvert,KB04,17,15L,2018-07-16,0,
Kwak,Calvert,KB04,17,15L,2018-09-03,0,
Kwak,Calvert,KB06,17,15L,2018-07-16,0,
Kwak,Calvert,KB06,17,15L,2018-09-03,0,
Kwak,Calvert,KB36,17,15L,2018-07-16,0,
Kwak,Calvert,KB36,17,15L,2018-09-03,0,
Kwak,Calvert,KG25,17,15L,2018-07-16,0,
Kwak,Calvert,KG25,17,15L,2018-09-03,0,
Kwak,Calvert,KG52,17,15L,2018-07-16,0,
Kwak,Calvert,KG52,17,15L,2018-09-03,0,
Kwak,Calvert,KG76,17,15L,2018-07-16,0,
Kwak,Calvert,KG76,17,15L,2018-09-03,0,
Kwak,Calvert,KG90,17,15L,2018-07-16,0,
Kwak,Calvert,KG90,17,15L,2018-09-03,0,
Pruth,Calvert,PO58,17,15L,2018-07-16,0,
Pruth,Calvert,PO58,17,15L,2018-09-03,0,
Pruth,Calvert,PO60,17,15L,2018-07-16,0,
Pruth,Calvert,PO60,17,15L,2018-09-03,0,
Pruth,Calvert,PO69,17,15L,2018-07-16,0,
Pruth,Calvert,PO69,17,15L,2018-09-03,0,
Pruth,Calvert,PO97,17,15L,2018-07-16,0,
Pruth,Calvert,PO97,17,15L,2018-09-03,0,
Pruth,Calvert,PY12,17,15L,2018-07-16,0,
Pruth,Calvert,PY12,17,15L,2018-09-03,0,
Pruth,Calvert,PY15,17,15L,2018-07-16,0,
Pruth,Calvert,PY15,17,15L,2018-09-03,0,
Pruth,Calvert,PY64,17,15L,2018-07-16,0,
Pruth,Calvert,PY64,17,15L,2018-09-03,0,
Cedar,Nanaimo,CB02,20,15L,2018-07-16,0,
Cedar,Nanaimo,CB02,20,15L,2018-09-03,0,
Cedar,Nanaimo,CB05,20,15L,2018-07-16,0,
Cedar,Nanaimo,CB05,20,15L,2018-09-03,0,
Cedar,Nanaimo,CB43,20,15L,2018-07-16,0,
Cedar,Nanaimo,CB43,20,15L,2018-09-03,0,
Cedar,Nanaimo,CB61,20,15L,2018-07-16,0,
Cedar,Nanaimo,CB61,20,15L,2018-09-03,0,
Cedar,Nanaimo,CB70,20,15L,2018-07-16,0,
Cedar,Nanaimo,CB70,20,15L,2018-09-03,0,
Cedar,Nanaimo,CO37,20,15L,2018-07-16,0,
Cedar,Nanaimo,CO37,20,15L,2018-09-03,0,
Cedar,Nanaimo,CY39,20,15L,2018-07-16,0,
Cedar,Nanaimo,CY39,20,15L,2018-09-03,0,
Heron,Nanaimo,HG23,20,15L,2018-07-16,0,
Heron,Nanaimo,HG23,20,15L,2018-09-03,0,
Heron,Nanaimo,HG44,20,15L,2018-07-16,0,
Heron,Nanaimo,HG44,20,15L,2018-09-03,0,
Heron,Nanaimo,HG50,20,15L,2018-07-16,0,
Heron,Nanaimo,HG50,20,15L,2018-09-03,0,
Heron,Nanaimo,HG57,20,15L,2018-07-16,0,
Heron,Nanaimo,HG57,20,15L,2018-09-03,0,
Heron,Nanaimo,HW17,20,15L,2018-07-16,0,
Heron,Nanaimo,HW17,20,15L,2018-09-03,0,
Heron,Nanaimo,HW37,20,15L,2018-07-16,0,
Heron,Nanaimo,HW37,20,15L,2018-09-03,0,
Heron,Nanaimo,HW54,20,15L,2018-07-16,0,
Heron,Nanaimo,HW54,20,15L,2018-09-03,0,
Kwak,Calvert,KB21,20,15L,2018-07-16,0,
Kwak,Calvert,KB21,20,15L,2018-09-03,0,
Kwak,Calvert,KB22,20,15L,2018-07-16,0,
Kwak,Calvert,KB22,20,15L,2018-09-03,0,
Kwak,Calvert,KB24,20,15L,2018-07-16,0,
Kwak,Calvert,KB24,20,15L,2018-09-03,0,
Kwak,Calvert,KB31,20,15L,2018-07-16,0,
Kwak,Calvert,KB31,20,15L,2018-09-03,0,
Kwak,Calvert,KB65,20,15L,2018-07-16,0,
Kwak,Calvert,KB65,20,15L,2018-09-03,0,
Kwak,Calvert,KB66,20,15L,2018-07-16,0,
Kwak,Calvert,KB66,20,15L,2018-09-03,0,
Kwak,Calvert,KG70,20,15L,2018-09-03,0,
Pruth,Calvert,PO28,20,15L,2018-07-16,0,
Pruth,Calvert,PO28,20,15L,2018-09-03,0,
Pruth,Calvert,PO34,20,15L,2018-07-16,0,
Pruth,Calvert,PO34,20,15L,2018-09-03,0,
Pruth,Calvert,PO35,20,15L,2018-07-16,0,
Pruth,Calvert,PO35,20,15L,2018-09-03,0,
Pruth,Calvert,PO65,20,15L,2018-07-16,0,
Pruth,Calvert,PO65,20,15L,2018-09-03,0,
Pruth,Calvert,PO84,20,15L,2018-07-16,0,
Pruth,Calvert,PO84,20,15L,2018-09-03,0,
Pruth,Calvert,PY11,20,15L,2018-07-16,0,
Pruth,Calvert,PY11,20,15L,2018-09-03,0,
Pruth,Calvert,PY19,20,15L,2018-07-16,0,
Pruth,Calvert,PY19,20,15L,2018-09-03,0,
Cedar,Nanaimo,CB04,21,15L,2018-07-16,0,
Cedar,Nanaimo,CB04,21,15L,2018-09-03,0,
Cedar,Nanaimo,CB30,21,15L,2018-07-16,0,
Cedar,Nanaimo,CB30,21,15L,2018-09-03,0,
Cedar,Nanaimo,CB91,21,15L,2018-07-16,0,
Cedar,Nanaimo,CB91,21,15L,2018-09-03,0,
Cedar,Nanaimo,CB92,21,15L,2018-07-16,0,
Cedar,Nanaimo,CB92,21,15L,2018-09-03,0,
Cedar,Nanaimo,CO12,21,15L,2018-07-16,0,
Cedar,Nanaimo,CO12,21,15L,2018-09-03,0,
Cedar,Nanaimo,CO43,21,15L,2018-07-16,0,
Cedar,Nanaimo,CO43,21,15L,2018-09-03,0,
Cedar,Nanaimo,CO93,21,15L,2018-07-16,0,
Cedar,Nanaimo,CO93,21,15L,2018-09-03,0,
Heron,Nanaimo,HG51,21,15L,2018-07-16,0,
Heron,Nanaimo,HG51,21,15L,2018-09-03,0,
Heron,Nanaimo,HG60,21,15L,2018-07-16,0,
Heron,Nanaimo,HG60,21,15L,2018-09-03,0,
Heron,Nanaimo,HG76,21,15L,2018-07-16,0,
Heron,Nanaimo,HG76,21,15L,2018-09-03,0,
Heron,Nanaimo,HG92,21,15L,2018-07-16,0,
Heron,Nanaimo,HG92,21,15L,2018-09-03,0,
Heron,Nanaimo,HG94,21,15L,2018-07-16,0,
Heron,Nanaimo,HG94,21,15L,2018-09-03,0,
Heron,Nanaimo,HG95,21,15L,2018-07-16,0,
Heron,Nanaimo,HG95,21,15L,2018-09-03,0,
Heron,Nanaimo,HW65,21,15L,2018-07-16,0,
Heron,Nanaimo,HW65,21,15L,2018-09-03,0,
Kwak,Calvert,KB12,21,15L,2018-07-16,0,
Kwak,Calvert,KB12,21,15L,2018-09-03,0,
Kwak,Calvert,KB34,21,15L,2018-07-16,0,
Kwak,Calvert,KB34,21,15L,2018-09-03,0,
Kwak,Calvert,KB78,21,15L,2018-07-16,0,
Kwak,Calvert,KB78,21,15L,2018-09-03,0,
Kwak,Calvert,KB91,21,15L,2018-09-03,0,
Kwak,Calvert,KG59,21,15L,2018-07-16,0,
Kwak,Calvert,KG59,21,15L,2018-09-03,0,
Kwak,Calvert,KG86,21,15L,2018-07-16,0,
Kwak,Calvert,KG86,21,15L,2018-09-03,0,
Kwak,Calvert,KG94,21,15L,2018-07-16,0,
Kwak,Calvert,KG94,21,15L,2018-09-03,0,
Pruth,Calvert,PO26,21,15L,2018-07-16,0,
Pruth,Calvert,PO26,21,15L,2018-09-03,0,
Pruth,Calvert,PO59,21,15L,2018-07-16,0,
Pruth,Calvert,PO59,21,15L,2018-09-03,0,
Pruth,Calvert,PY13,21,15L,2018-07-16,0,
Pruth,Calvert,PY13,21,15L,2018-09-03,0,
Pruth,Calvert,PY54,21,15L,2018-07-16,0,
Pruth,Calvert,PY54,21,15L,2018-09-03,0,
Pruth,Calvert,PY56,21,15L,2018-07-16,0,
Pruth,Calvert,PY56,21,15L,2018-09-03,0,
Pruth,Calvert,PY69,21,15L,2018-07-16,0,
Pruth,Calvert,PY69,21,15L,2018-09-03,0,
Pruth,Calvert,PY94,21,15L,2018-07-16,0,
Pruth,Calvert,PY94,21,15L,2018-09-03,0,
Cedar,Nanaimo,CB33,24,15L,2018-07-16,0,
Cedar,Nanaimo,CB33,24,15L,2018-09-03,0,
Cedar,Nanaimo,CB38,24,15L,2018-07-16,0,
Cedar,Nanaimo,CB38,24,15L,2018-09-03,0,
Cedar,Nanaimo,CB52,24,15L,2018-07-16,0,
Cedar,Nanaimo,CB52,24,15L,2018-09-03,0,
Cedar,Nanaimo,CB86,24,15L,2018-07-16,0,
Cedar,Nanaimo,CB86,24,15L,2018-09-03,0,
Cedar,Nanaimo,CO04,24,15L,2018-07-16,0,
Cedar,Nanaimo,CO04,24,15L,2018-09-03,0,
Cedar,Nanaimo,CO08,24,15L,2018-07-16,0,
Cedar,Nanaimo,CO08,24,15L,2018-09-03,0,
Cedar,Nanaimo,CY40,24,15L,2018-07-16,0,
Cedar,Nanaimo,CY40,24,15L,2018-09-03,0,
Heron,Nanaimo,HG72,24,15L,2018-07-16,0,
Heron,Nanaimo,HG72,24,15L,2018-09-03,0,
Heron,Nanaimo,HW08,24,15L,2018-07-16,0,
Heron,Nanaimo,HW08,24,15L,2018-09-03,0,
Heron,Nanaimo,HW46,24,15L,2018-07-16,0,
Heron,Nanaimo,HW46,24,15L,2018-09-03,0,
Heron,Nanaimo,HW62,24,15L,2018-07-16,0,
Heron,Nanaimo,HW62,24,15L,2018-09-03,0,
Heron,Nanaimo,HW63,24,15L,2018-07-16,0,
Heron,Nanaimo,HW63,24,15L,2018-09-03,0,
Heron,Nanaimo,HW83,24,15L,2018-07-16,0,
Heron,Nanaimo,HW83,24,15L,2018-09-03,0,
Heron,Nanaimo,HY37,24,15L,2018-09-03,0,
Kwak,Calvert,KB45,24,15L,2018-07-16,0,
Kwak,Calvert,KB45,24,15L,2018-09-03,0,
Kwak,Calvert,KB69,24,15L,2018-07-16,0,
Kwak,Calvert,KB69,24,15L,2018-09-03,0,
Kwak,Calvert,KB86,24,15L,2018-07-16,0,
Kwak,Calvert,KB86,24,15L,2018-09-03,0,
Kwak,Calvert,KG14,24,15L,2018-07-16,0,
Kwak,Calvert,KG14,24,15L,2018-09-03,0,
Kwak,Calvert,KG17,24,15L,2018-07-16,0,
Kwak,Calvert,KG17,24,15L,2018-09-03,0,
Kwak,Calvert,KG64,24,15L,2018-07-16,0,
Kwak,Calvert,KG64,24,15L,2018-09-03,0,
Kwak,Calvert,KG96,24,15L,2018-07-16,0,
Kwak,Calvert,KG96,24,15L,2018-09-03,0,
Pruth,Calvert,PO12,24,15L,2018-07-16,0,
Pruth,Calvert,PO12,24,15L,2018-09-03,0,
Pruth,Calvert,PO63,24,15L,2018-07-16,0,
Pruth,Calvert,PO63,24,15L,2018-09-03,0,
Pruth,Calvert,PO73,24,15L,2018-07-16,0,
Pruth,Calvert,PO73,24,15L,2018-09-03,0,
Pruth,Calvert,PO88,24,15L,2018-07-16,0,
Pruth,Calvert,PO88,24,15L,2018-09-03,0,
Pruth,Calvert,PO99,24,15L,2018-07-16,0,
Pruth,Calvert,PO99,24,15L,2018-09-03,0,
Pruth,Calvert,PY04,24,15L,2018-07-16,0,
Pruth,Calvert,PY04,24,15L,2018-09-03,0,
Pruth,Calvert,PY90,24,15L,2018-07-16,0,
Pruth,Calvert,PY90,24,15L,2018-09-03,0,
Cedar,Nanaimo,CB07,1,19A,2018-07-16,0,
Cedar,Nanaimo,CB07,1,19A,2018-09-03,0,
Cedar,Nanaimo,CB18,1,19A,2018-07-16,0,
Cedar,Nanaimo,CB18,1,19A,2018-09-03,0,
Cedar,Nanaimo,CB26,1,19A,2018-07-16,0,
Cedar,Nanaimo,CB26,1,19A,2018-09-03,0,
Cedar,Nanaimo,CB55,1,19A,2018-07-16,0,
Cedar,Nanaimo,CB55,1,19A,2018-09-03,0,
Cedar,Nanaimo,CB62,1,19A,2018-07-16,0,
Cedar,Nanaimo,CB62,1,19A,2018-09-03,0,
Cedar,Nanaimo,CO11,1,19A,2018-07-16,0,
Cedar,Nanaimo,CO11,1,19A,2018-09-03,0,
Cedar,Nanaimo,CO97,1,19A,2018-07-16,0,
Cedar,Nanaimo,CO97,1,19A,2018-09-03,0,
Heron,Nanaimo,HG97,1,19A,2018-07-16,0,
Heron,Nanaimo,HG97,1,19A,2018-09-03,0,
Heron,Nanaimo,HW04,1,19A,2018-07-16,0,
Heron,Nanaimo,HW10,1,19A,2018-07-16,0,
Heron,Nanaimo,HW10,1,19A,2018-09-03,0,
Heron,Nanaimo,HW12,1,19A,2018-07-16,0,
Heron,Nanaimo,HW12,1,19A,2018-09-03,0,
Heron,Nanaimo,HW15,1,19A,2018-07-16,0,
Heron,Nanaimo,HW15,1,19A,2018-09-03,0,
Heron,Nanaimo,HW76,1,19A,2018-07-16,0,
Heron,Nanaimo,HW76,1,19A,2018-09-03,0,
Heron,Nanaimo,HW96,1,19A,2018-07-16,0,
Heron,Nanaimo,HW96,1,19A,2018-09-03,0,
Kwak,Calvert,KB27,1,19A,2018-09-03,0,
Kwak,Calvert,KB28,1,19A,2018-07-16,0,
Kwak,Calvert,KB28,1,19A,2018-09-03,0,
Kwak,Calvert,KB44,1,19A,2018-07-16,0,
Kwak,Calvert,KB44,1,19A,2018-09-03,0,
Kwak,Calvert,KB53,1,19A,2018-07-16,0,
Kwak,Calvert,KB53,1,19A,2018-09-03,0,
Kwak,Calvert,KB97,1,19A,2018-07-16,0,
Kwak,Calvert,KB97,1,19A,2018-09-03,0,
Kwak,Calvert,KG16,1,19A,2018-07-16,0,
Kwak,Calvert,KG16,1,19A,2018-09-03,0,
Kwak,Calvert,KG77,1,19A,2018-07-16,0,
Kwak,Calvert,KG77,1,19A,2018-09-03,0,
Kwak,Calvert,KG95,1,19A,2018-07-16,0,
Kwak,Calvert,KG95,1,19A,2018-09-03,0,
Pruth,Calvert,PO24,1,19A,2018-07-16,0,
Pruth,Calvert,PO24,1,19A,2018-08-12,1,
Pruth,Calvert,PO62,1,19A,2018-07-16,0,
Pruth,Calvert,PO62,1,19A,2018-09-03,0,
Pruth,Calvert,PO70,1,19A,2018-07-16,0,
Pruth,Calvert,PO70,1,19A,2018-09-03,0,
Pruth,Calvert,PO96,1,19A,2018-07-16,0,
Pruth,Calvert,PO96,1,19A,2018-09-03,0,
Pruth,Calvert,PY35,1,19A,2018-07-16,0,
Pruth,Calvert,PY35,1,19A,2018-09-03,0,
Pruth,Calvert,PY70,1,19A,2018-07-16,0,
Pruth,Calvert,PY70,1,19A,2018-09-03,0,
Pruth,Calvert,PY96,1,19A,2018-07-16,0,
Pruth,Calvert,PY96,1,19A,2018-09-03,0,
Kwak,Calvert,,1,19A,2018-07-16,0,
Cedar,Nanaimo,CB17,5,19A,2018-07-16,0,
Cedar,Nanaimo,CB17,5,19A,2018-07-18,1,
Cedar,Nanaimo,CB19,5,19A,2018-07-16,0,
Cedar,Nanaimo,CB19,5,19A,2018-07-18,1,Was CH19
Cedar,Nanaimo,CB28,5,19A,2018-07-16,0,
Cedar,Nanaimo,CB28,5,19A,2018-07-18,1,
Cedar,Nanaimo,CB51,5,19A,2018-07-16,0,
Cedar,Nanaimo,CB51,5,19A,2018-07-18,1,Was CH51
Cedar,Nanaimo,CO40,5,19A,2018-07-16,0,
Cedar,Nanaimo,CO40,5,19A,2018-07-18,1,
Cedar,Nanaimo,CO89,5,19A,2018-07-16,0,
Cedar,Nanaimo,CO89,5,19A,2018-07-18,1,
Cedar,Nanaimo,CY38,5,19A,2018-07-16,0,
Cedar,Nanaimo,CY38,5,19A,2018-07-18,1,
Heron,Nanaimo,HG22,5,19A,2018-07-16,0,
Heron,Nanaimo,HG22,5,19A,2018-07-18,1,
Heron,Nanaimo,HG37,5,19A,2018-07-16,0,
Heron,Nanaimo,HG37,5,19A,2018-07-18,1,
Heron,Nanaimo,HG52,5,19A,2018-07-16,0,
Heron,Nanaimo,HG52,5,19A,2018-07-18,1,
Heron,Nanaimo,HG84,5,19A,2018-07-16,0,
Heron,Nanaimo,HG84,5,19A,2018-07-18,1,
Heron,Nanaimo,HW01,5,19A,2018-07-16,0,
Heron,Nanaimo,HW01,5,19A,2018-09-03,0,
Heron,Nanaimo,HW04,5,19A,2018-07-18,1,
Heron,Nanaimo,HW25,5,19A,2018-07-16,0,
Heron,Nanaimo,HW25,5,19A,2018-07-18,1,
Heron,Nanaimo,HW41,5,19A,2018-07-16,0,
Heron,Nanaimo,HW41,5,19A,2018-07-18,1,
Kwak,Calvert,KB01,5,19A,2018-07-18,1,
Kwak,Calvert,KB03,5,19A,2018-07-16,0,
Kwak,Calvert,KB03,5,19A,2018-07-18,1,
Kwak,Calvert,KB03,5,19A,2018-09-03,0,
Kwak,Calvert,KB07,5,19A,2018-07-16,0,
Kwak,Calvert,KB07,5,19A,2018-09-03,0,
Kwak,Calvert,KB23,5,19A,2018-07-16,0,
Kwak,Calvert,KB23,5,19A,2018-07-18,1,
Kwak,Calvert,KB82,5,19A,2018-07-16,0,
Kwak,Calvert,KB82,5,19A,2018-07-18,1,
Kwak,Calvert,KB87,5,19A,2018-07-16,0,
Kwak,Calvert,KB87,5,19A,2018-07-18,1,
Kwak,Calvert,KB87,5,19A,2018-09-03,0,
Kwak,Calvert,KG66,5,19A,2018-07-16,0,
Kwak,Calvert,KG66,5,19A,2018-07-18,1,
Kwak,Calvert,KG71,5,19A,2018-07-16,0,
Kwak,Calvert,KG71,5,19A,2018-07-18,1,
Pruth,Calvert,PO38,5,19A,2018-07-16,0,
Pruth,Calvert,PO38,5,19A,2018-07-18,1,
Pruth,Calvert,PO89,5,19A,2018-07-16,0,
Pruth,Calvert,PO89,5,19A,2018-07-18,1,
Pruth,Calvert,PY18,5,19A,2018-07-16,0,
Pruth,Calvert,PY18,5,19A,2018-07-18,1,
Pruth,Calvert,PY30,5,19A,2018-07-16,0,
Pruth,Calvert,PY30,5,19A,2018-07-18,1,
Pruth,Calvert,PY85,5,19A,2018-07-16,0,
Pruth,Calvert,PY85,5,19A,2018-07-18,1,
Pruth,Calvert,PY87,5,19A,2018-07-16,0,
Pruth,Calvert,PY87,5,19A,2018-07-18,1,
Pruth,Calvert,PY99,5,19A,2018-07-16,0,
Pruth,Calvert,PY99,5,19A,2018-07-18,1,
Cedar,Nanaimo,CB39,10,19A,2018-07-16,0,
Cedar,Nanaimo,CB39,10,19A,2018-09-03,0,
Cedar,Nanaimo,CB41,10,19A,2018-07-16,0,
Cedar,Nanaimo,CB41,10,19A,2018-09-03,0,
Cedar,Nanaimo,CB94,10,19A,2018-07-16,0,
Cedar,Nanaimo,CB94,10,19A,2018-09-03,0,
Cedar,Nanaimo,CB98,10,19A,2018-07-16,0,
Cedar,Nanaimo,CB98,10,19A,2018-09-03,0,
Cedar,Nanaimo,CO15,10,19A,2018-07-16,0,
Cedar,Nanaimo,CO15,10,19A,2018-09-03,0,
Cedar,Nanaimo,CO19,10,19A,2018-07-16,0,
Cedar,Nanaimo,CO19,10,19A,2018-09-03,0,
Cedar,Nanaimo,CO94,10,19A,2018-07-16,0,
Cedar,Nanaimo,CO94,10,19A,2018-09-03,0,
Heron,Nanaimo,HG19,10,19A,2018-07-16,0,
Heron,Nanaimo,HG19,10,19A,2018-09-03,0,
Heron,Nanaimo,HG20,10,19A,2018-07-16,0,
Heron,Nanaimo,HG20,10,19A,2018-09-03,0,
Heron,Nanaimo,HG42,10,19A,2018-07-16,0,
Heron,Nanaimo,HG42,10,19A,2018-09-03,0,
Heron,Nanaimo,HG48,10,19A,2018-07-16,0,
Heron,Nanaimo,HG48,10,19A,2018-09-03,0,
Heron,Nanaimo,HG70,10,19A,2018-07-16,0,
Heron,Nanaimo,HG70,10,19A,2018-09-03,0,
Heron,Nanaimo,HW61,10,19A,2018-07-16,0,
Heron,Nanaimo,HW61,10,19A,2018-09-03,0,
Heron,Nanaimo,HW70,10,19A,2018-07-16,0,
Heron,Nanaimo,HW70,10,19A,2018-09-03,0,
Kwak,Calvert,KB72,10,19A,2018-07-16,0,
Kwak,Calvert,KB72,10,19A,2018-09-03,0,
Kwak,Calvert,KB74,10,19A,2018-07-16,0,
Kwak,Calvert,KB74,10,19A,2018-09-03,0,
Kwak,Calvert,KG24,10,19A,2018-07-16,0,
Kwak,Calvert,KG24,10,19A,2018-09-03,0,
Kwak,Calvert,KG30,10,19A,2018-07-16,0,
Kwak,Calvert,KG30,10,19A,2018-09-03,0,
Kwak,Calvert,KG54,10,19A,2018-07-16,0,
Kwak,Calvert,KG54,10,19A,2018-09-03,0,
Kwak,Calvert,KG83,10,19A,2018-07-16,0,
Kwak,Calvert,KG83,10,19A,2018-09-03,0,
Kwak,Calvert,KG85,10,19A,2018-07-16,0,
Kwak,Calvert,KG85,10,19A,2018-09-03,0,
Pruth,Calvert,PO08,10,19A,2018-07-16,0,
Pruth,Calvert,PO08,10,19A,2018-09-03,0,
Pruth,Calvert,PO10,10,19A,2018-07-16,0,
Pruth,Calvert,PO10,10,19A,2018-09-03,0,
Pruth,Calvert,PO16,10,19A,2018-07-16,0,
Pruth,Calvert,PO16,10,19A,2018-09-03,0,
Pruth,Calvert,PO56,10,19A,2018-07-16,0,
Pruth,Calvert,PO56,10,19A,2018-09-03,0,
Pruth,Calvert,PO95,10,19A,2018-07-16,0,
Pruth,Calvert,PO95,10,19A,2018-09-03,0,
Pruth,Calvert,PY60,10,19A,2018-07-16,0,
Pruth,Calvert,PY60,10,19A,2018-09-03,0,
Pruth,Calvert,PY80,10,19A,2018-07-16,0,
Pruth,Calvert,PY80,10,19A,2018-09-03,0,
Cedar,Nanaimo,CB44,13,19A,2018-07-16,0,
Cedar,Nanaimo,CB44,13,19A,2018-09-03,0,
Cedar,Nanaimo,CB64,13,19A,2018-07-16,0,
Cedar,Nanaimo,CB64,13,19A,2018-09-03,0,
Cedar,Nanaimo,CB68,13,19A,2018-07-16,0,
Cedar,Nanaimo,CB68,13,19A,2018-09-03,0,
Cedar,Nanaimo,CB74,13,19A,2018-07-16,0,
Cedar,Nanaimo,CB74,13,19A,2018-09-03,0,
Cedar,Nanaimo,CO21,13,19A,2018-07-16,0,
Cedar,Nanaimo,CO21,13,19A,2018-09-03,0,
Cedar,Nanaimo,CO91,13,19A,2018-07-16,0,
Cedar,Nanaimo,CO91,13,19A,2018-09-03,0,
Cedar,Nanaimo,CO95,13,19A,2018-07-16,0,
Cedar,Nanaimo,CO95,13,19A,2018-09-03,0,
Heron,Nanaimo,HG45,13,19A,2018-07-16,0,
Heron,Nanaimo,HG45,13,19A,2018-09-03,0,
Heron,Nanaimo,HG81,13,19A,2018-07-16,0,
Heron,Nanaimo,HG81,13,19A,2018-09-03,0,
Heron,Nanaimo,HG85,13,19A,2018-07-16,0,
Heron,Nanaimo,HG85,13,19A,2018-09-03,0,
Heron,Nanaimo,HW23,13,19A,2018-07-16,0,
Heron,Nanaimo,HW23,13,19A,2018-09-03,0,
Heron,Nanaimo,HW34,13,19A,2018-07-16,0,
Heron,Nanaimo,HW34,13,19A,2018-09-03,0,
Heron,Nanaimo,HW47,13,19A,2018-07-16,0,
Heron,Nanaimo,HW47,13,19A,2018-09-03,0,
Heron,Nanaimo,HW89,13,19A,2018-07-16,0,
Heron,Nanaimo,HW89,13,19A,2018-09-03,0,
Kwak,Calvert,KB05,13,19A,2018-07-16,0,
Kwak,Calvert,KB05,13,19A,2018-09-03,0,
Kwak,Calvert,KB84,13,19A,2018-07-16,0,
Kwak,Calvert,KB84,13,19A,2018-09-03,0,
Kwak,Calvert,KB94,13,19A,2018-07-16,0,
Kwak,Calvert,KB94,13,19A,2018-09-03,0,
Kwak,Calvert,KG32,13,19A,2018-07-16,0,
Kwak,Calvert,KG32,13,19A,2018-09-03,0,
Kwak,Calvert,KG62,13,19A,2018-07-16,0,
Kwak,Calvert,KG62,13,19A,2018-09-03,0,
Kwak,Calvert,KG81,13,19A,2018-07-16,0,
Kwak,Calvert,KG81,13,19A,2018-09-03,0,
Kwak,Calvert,KG98,13,19A,2018-07-16,0,
Kwak,Calvert,KG98,13,19A,2018-09-03,0,
Pruth,Calvert,PO21,13,19A,2018-07-16,0,
Pruth,Calvert,PO21,13,19A,2018-09-03,0,
Pruth,Calvert,PO61,13,19A,2018-07-16,0,
Pruth,Calvert,PO61,13,19A,2018-09-03,0,
Pruth,Calvert,PO79,13,19A,2018-07-16,0,
Pruth,Calvert,PO79,13,19A,2018-09-03,0,
Pruth,Calvert,PY24,13,19A,2018-07-16,0,
Pruth,Calvert,PY24,13,19A,2018-09-03,0,
Pruth,Calvert,PY86,13,19A,2018-07-16,0,
Pruth,Calvert,PY86,13,19A,2018-09-03,0,
Pruth,Calvert,PY93,13,19A,2018-07-16,0,
Pruth,Calvert,PY93,13,19A,2018-09-03,0,
Cedar,Nanaimo,CB13,2,22A,2018-07-16,0,
Cedar,Nanaimo,CB13,2,22A,2018-08-02,1,
Cedar,Nanaimo,CB16,2,22A,2018-07-16,0,
Cedar,Nanaimo,CB16,2,22A,2018-09-03,0,
Cedar,Nanaimo,CB60,2,22A,2018-07-16,0,
Cedar,Nanaimo,CB60,2,22A,2018-08-02,1,
Cedar,Nanaimo,CB89,2,22A,2018-07-16,0,
Cedar,Nanaimo,CB89,2,22A,2018-09-03,0,
Cedar,Nanaimo,CO17,2,22A,2018-07-16,0,
Cedar,Nanaimo,CO17,2,22A,2018-09-03,0,
Cedar,Nanaimo,CO42,2,22A,2018-07-16,0,
Cedar,Nanaimo,CO42,2,22A,2018-09-03,0,
Cedar,Nanaimo,CO48,2,22A,2018-07-16,0,
Cedar,Nanaimo,CO48,2,22A,2018-07-30,1,
Heron,Nanaimo,HG55,2,22A,2018-07-16,0,
Heron,Nanaimo,HG55,2,22A,2018-08-24,1,
Heron,Nanaimo,HG67,2,22A,2018-07-16,0,
Heron,Nanaimo,HG67,2,22A,2018-09-03,0,
Heron,Nanaimo,HG71,2,22A,2018-07-16,0,
Heron,Nanaimo,HG71,2,22A,2018-09-03,0,
Heron,Nanaimo,HW13,2,22A,2018-07-16,0,
Heron,Nanaimo,HW13,2,22A,2018-09-03,0,
Heron,Nanaimo,HW45,2,22A,2018-07-16,0,
Heron,Nanaimo,HW45,2,22A,2018-08-02,1,
Heron,Nanaimo,HW52,2,22A,2018-07-16,0,
Heron,Nanaimo,HW52,2,22A,2018-08-24,1,
Heron,Nanaimo,HW58,2,22A,2018-07-16,0,
Heron,Nanaimo,HW58,2,22A,2018-08-06,1,
Kwak,Calvert,KB51,2,22A,2018-07-16,0,
Kwak,Calvert,KB51,2,22A,2018-08-01,1,
Kwak,Calvert,KB93,2,22A,2018-07-16,0,
Kwak,Calvert,KB93,2,22A,2018-09-03,0,
Kwak,Calvert,KB98,2,22A,2018-07-16,0,
Kwak,Calvert,KB98,2,22A,2018-08-04,1,
Kwak,Calvert,KB99,2,22A,2018-07-16,0,
Kwak,Calvert,KB99,2,22A,2018-08-08,1,
Kwak,Calvert,KG05,2,22A,2018-07-16,0,
Kwak,Calvert,KG05,2,22A,2018-08-01,1,
Kwak,Calvert,KG09,2,22A,2018-07-16,0,
Kwak,Calvert,KG09,2,22A,2018-09-03,0,
Kwak,Calvert,KG18,2,22A,2018-07-16,0,
Kwak,Calvert,KG18,2,22A,2018-08-01,1,
Pruth,Calvert,PO05,2,22A,2018-07-16,0,
Pruth,Calvert,PO05,2,22A,2018-08-23,1,
Pruth,Calvert,PO82,2,22A,2018-07-16,0,
Pruth,Calvert,PO82,2,22A,2018-09-03,0,
Pruth,Calvert,PY08,2,22A,2018-07-16,0,
Pruth,Calvert,PY08,2,22A,2018-08-01,1,
Pruth,Calvert,PY26,2,22A,2018-07-16,0,
Pruth,Calvert,PY26,2,22A,2018-07-30,1,
Pruth,Calvert,PY72,2,22A,2018-07-16,0,
Pruth,Calvert,PY72,2,22A,2018-08-01,1,
Pruth,Calvert,PY81,2,22A,2018-07-16,0,
Pruth,Calvert,PY81,2,22A,2018-07-30,1,
Pruth,Calvert,PY97,2,22A,2018-07-16,0,
Pruth,Calvert,PY97,2,22A,2018-08-01,1,
Cedar,Nanaimo,CB01,3,22A,2018-07-16,0,
Cedar,Nanaimo,CB01,3,22A,2018-07-18,1,
Cedar,Nanaimo,CB12,3,22A,2018-07-16,0,
Cedar,Nanaimo,CB12,3,22A,2018-07-18,1,
Cedar,Nanaimo,CO13,3,22A,2018-07-16,0,
Cedar,Nanaimo,CO13,3,22A,2018-07-18,1,
Cedar,Nanaimo,CO20,3,22A,2018-07-16,0,
Cedar,Nanaimo,CO20,3,22A,2018-07-22,1,
Cedar,Nanaimo,CO33,3,22A,2018-07-16,0,
Cedar,Nanaimo,CO33,3,22A,2018-07-22,1,
Cedar,Nanaimo,CO54,3,22A,2018-07-16,0,
Cedar,Nanaimo,CO54,3,22A,2018-07-18,1,
Cedar,Nanaimo,CO86,3,22A,2018-07-16,0,
Cedar,Nanaimo,CO86,3,22A,2018-07-18,1,
Heron,Nanaimo,HG65,3,22A,2018-07-16,0,
Heron,Nanaimo,HG65,3,22A,2018-07-22,1,
Heron,Nanaimo,HG80,3,22A,2018-07-16,0,
Heron,Nanaimo,HG80,3,22A,2018-07-18,1,
Heron,Nanaimo,HG89,3,22A,2018-07-16,0,
Heron,Nanaimo,HG89,3,22A,2018-07-27,1,
Heron,Nanaimo,HW09,3,22A,2018-07-16,0,
Heron,Nanaimo,HW09,3,22A,2018-07-18,1,
Heron,Nanaimo,HW11,3,22A,2018-07-16,0,
Heron,Nanaimo,HW11,3,22A,2018-07-22,1,
Heron,Nanaimo,HW22,3,22A,2018-07-16,0,
Heron,Nanaimo,HW22,3,22A,2018-07-23,1,
Heron,Nanaimo,HW27,3,22A,2018-07-16,0,
Heron,Nanaimo,HW27,3,22A,2018-07-23,1,
Kwak,Calvert,KB03,3,22A,2018-07-16,0,
Kwak,Calvert,KB03,3,22A,2018-07-23,1,
Kwak,Calvert,KB03,3,22A,2018-09-03,0,
Kwak,Calvert,KB62,3,22A,2018-07-16,0,
Kwak,Calvert,KB62,3,22A,2018-07-22,1,
Kwak,Calvert,KB81,3,22A,2018-07-16,0,
Kwak,Calvert,KB81,3,22A,2018-07-23,1,
Kwak,Calvert,KB87,3,22A,2018-07-16,0,
Kwak,Calvert,KB87,3,22A,2018-07-23,1,
Kwak,Calvert,KB88,3,22A,2018-07-16,0,
Kwak,Calvert,KB88,3,22A,2018-07-18,1,
Kwak,Calvert,KG75,3,22A,2018-07-16,0,
Kwak,Calvert,KG75,3,22A,2018-07-22,1,
Kwak,Calvert,KG91,3,22A,2018-07-16,0,
Kwak,Calvert,KG91,3,22A,2018-07-22,1,
Pruth,Calvert,PO20,3,22A,2018-07-16,0,
Pruth,Calvert,PO20,3,22A,2018-07-23,1,
Pruth,Calvert,PO23,3,22A,2018-07-16,0,
Pruth,Calvert,PO23,3,22A,2018-07-18,1,
Pruth,Calvert,PO32,3,22A,2018-07-16,0,
Pruth,Calvert,PO32,3,22A,2018-07-23,1,
Pruth,Calvert,PO44,3,22A,2018-07-16,0,
Pruth,Calvert,PO44,3,22A,2018-07-18,1,
Pruth,Calvert,PY06,3,22A,2018-07-16,0,
Pruth,Calvert,PY06,3,22A,2018-07-18,1,
Pruth,Calvert,PY16,3,22A,2018-07-16,0,
Pruth,Calvert,PY16,3,22A,2018-07-18,1,
Pruth,Calvert,PY66,3,22A,2018-07-16,0,
Pruth,Calvert,PY66,3,22A,2018-07-18,1,
Cedar,Nanaimo,CB40,8,22A,2018-07-16,0,
Cedar,Nanaimo,CB40,8,22A,2018-09-03,0,
Cedar,Nanaimo,CB49,8,22A,2018-07-16,0,
Cedar,Nanaimo,CB49,8,22A,2018-09-03,0,
Cedar,Nanaimo,CB53,8,22A,2018-07-16,0,
Cedar,Nanaimo,CB53,8,22A,2018-09-03,0,
Cedar,Nanaimo,CB54,8,22A,2018-07-16,0,
Cedar,Nanaimo,CB54,8,22A,2018-09-03,0,
Cedar,Nanaimo,CB93,8,22A,2018-07-16,0,
Cedar,Nanaimo,CB93,8,22A,2018-09-03,0,
Cedar,Nanaimo,CO14,8,22A,2018-07-16,0,
Cedar,Nanaimo,CO14,8,22A,2018-08-01,1,Was CH54
Cedar,Nanaimo,CO34,8,22A,2018-07-16,0,
Cedar,Nanaimo,CO34,8,22A,2018-08-02,1,
Heron,Nanaimo,HG54,8,22A,2018-07-16,0,
Heron,Nanaimo,HG54,8,22A,2018-09-03,0,
Heron,Nanaimo,HG79,8,22A,2018-07-16,0,
Heron,Nanaimo,HG79,8,22A,2018-09-03,0,
Heron,Nanaimo,HW26,8,22A,2018-07-16,0,
Heron,Nanaimo,HW26,8,22A,2018-09-03,0,
Heron,Nanaimo,HW28,8,22A,2018-07-16,0,
Heron,Nanaimo,HW28,8,22A,2018-09-03,0,
Heron,Nanaimo,HW38,8,22A,2018-07-16,0,
Heron,Nanaimo,HW38,8,22A,2018-09-03,0,
Heron,Nanaimo,HW84,8,22A,2018-07-16,0,
Heron,Nanaimo,HW84,8,22A,2018-09-03,0,
Heron,Nanaimo,HW94,8,22A,2018-07-16,0,
Heron,Nanaimo,HW94,8,22A,2018-09-03,0,
Kwak,Calvert,KB09,8,22A,2018-07-16,0,
Kwak,Calvert,KB09,8,22A,2018-08-01,1,
Kwak,Calvert,KB37,8,22A,2018-07-16,0,
Kwak,Calvert,KB37,8,22A,2018-08-01,1,
Kwak,Calvert,KB61,8,22A,2018-07-16,0,
Kwak,Calvert,KB61,8,22A,2018-08-01,1,
Kwak,Calvert,KG04,8,22A,2018-07-16,0,
Kwak,Calvert,KG04,8,22A,2018-08-01,1,
Kwak,Calvert,KG60,8,22A,2018-07-16,0,
Kwak,Calvert,KG60,8,22A,2018-08-01,1,
Kwak,Calvert,KG67,8,22A,2018-07-16,0,
Kwak,Calvert,KG67,8,22A,2018-08-01,1,
Kwak,Calvert,KG84,8,22A,2018-07-16,0,
Kwak,Calvert,KG84,8,22A,2018-08-01,1,
Pruth,Calvert,PO04,8,22A,2018-07-16,0,
Pruth,Calvert,PO04,8,22A,2018-08-01,1,
Pruth,Calvert,PO40,8,22A,2018-07-16,0,
Pruth,Calvert,PO40,8,22A,2018-08-01,1,
Pruth,Calvert,PO41,8,22A,2018-07-16,0,
Pruth,Calvert,PO41,8,22A,2018-08-01,1,
Pruth,Calvert,PO90,8,22A,2018-07-16,0,
Pruth,Calvert,PO90,8,22A,2018-08-04,1,
Pruth,Calvert,PO98,8,22A,2018-07-16,0,
Pruth,Calvert,PO98,8,22A,2018-08-01,1,
Pruth,Calvert,PY02,8,22A,2018-07-16,0,
Pruth,Calvert,PY02,8,22A,2018-08-01,1,
Pruth,Calvert,PY21,8,22A,2018-07-16,0,
Pruth,Calvert,PY21,8,22A,2018-08-01,1,
Cedar,Nanaimo,CB09,15,22A,2018-07-16,0,
Cedar,Nanaimo,CB09,15,22A,2018-08-29,1,
Cedar,Nanaimo,CB31,15,22A,2018-07-16,0,
Cedar,Nanaimo,CB31,15,22A,2018-09-03,0,
Cedar,Nanaimo,CB65,15,22A,2018-07-16,0,
Cedar,Nanaimo,CB65,15,22A,2018-08-29,1,
Cedar,Nanaimo,CB90,15,22A,2018-07-16,0,
Cedar,Nanaimo,CB90,15,22A,2018-09-03,0,
Cedar,Nanaimo,CO01,15,22A,2018-07-16,0,
Cedar,Nanaimo,CO01,15,22A,2018-09-03,0,
Cedar,Nanaimo,CO24,15,22A,2018-07-16,0,
Cedar,Nanaimo,CO24,15,22A,2018-09-03,0,
Cedar,Nanaimo,CO51,15,22A,2018-07-16,0,
Cedar,Nanaimo,CO51,15,22A,2018-09-03,0,
Heron,Nanaimo,HG43,15,22A,2018-07-16,0,
Heron,Nanaimo,HG43,15,22A,2018-09-03,0,
Heron,Nanaimo,HG49,15,22A,2018-07-16,0,
Heron,Nanaimo,HG49,15,22A,2018-09-03,0,
Heron,Nanaimo,HG87,15,22A,2018-07-16,0,
Heron,Nanaimo,HG87,15,22A,2018-09-03,0,
Heron,Nanaimo,HW29,15,22A,2018-07-16,0,
Heron,Nanaimo,HW29,15,22A,2018-09-03,0,
Heron,Nanaimo,HW36,15,22A,2018-07-16,0,
Heron,Nanaimo,HW36,15,22A,2018-09-03,0,
Heron,Nanaimo,HW74,15,22A,2018-07-16,0,
Heron,Nanaimo,HW74,15,22A,2018-09-03,0,
Heron,Nanaimo,HW97,15,22A,2018-07-16,0,
Heron,Nanaimo,HW97,15,22A,2018-09-03,0,
Kwak,Calvert,KB18,15,22A,2018-07-16,0,
Kwak,Calvert,KB18,15,22A,2018-09-03,0,
Kwak,Calvert,KB20,15,22A,2018-07-16,0,
Kwak,Calvert,KB20,15,22A,2018-08-04,1,
Kwak,Calvert,KB48,15,22A,2018-07-16,0,
Kwak,Calvert,KB48,15,22A,2018-09-03,0,
Kwak,Calvert,KB59,15,22A,2018-07-16,0,
Kwak,Calvert,KB59,15,22A,2018-09-03,0,
Kwak,Calvert,KG74,15,22A,2018-07-16,0,
Kwak,Calvert,KG74,15,22A,2018-08-04,1,
Kwak,Calvert,KG82,15,22A,2018-07-16,0,
Kwak,Calvert,KG82,15,22A,2018-09-03,0,
Kwak,Calvert,KG93,15,22A,2018-07-16,0,
Kwak,Calvert,KG93,15,22A,2018-08-01,1,
Pruth,Calvert,PO52,15,22A,2018-07-16,0,
Pruth,Calvert,PO52,15,22A,2018-09-03,0,
Pruth,Calvert,PO81,15,22A,2018-07-16,0,
Pruth,Calvert,PO81,15,22A,2018-09-03,0,
Pruth,Calvert,PY55,15,22A,2018-07-16,0,
Pruth,Calvert,PY55,15,22A,2018-08-08,1,
Pruth,Calvert,PY59,15,22A,2018-07-16,0,
Pruth,Calvert,PY59,15,22A,2018-08-28,1,
Pruth,Calvert,PY91,15,22A,2018-07-16,0,
Pruth,Calvert,PY91,15,22A,2018-08-01,1,
Pruth,Calvert,PY95,15,22A,2018-07-16,0,
Pruth,Calvert,PY95,15,22A,2018-07-28,1,
Pruth,Calvert,PY98,15,22A,2018-07-16,0,
Pruth,Calvert,PY98,15,22A,2018-08-01,1,
Cedar,Nanaimo,CB06,18,22L,2018-07-16,0,
Cedar,Nanaimo,CB06,18,22L,2018-09-03,0,
Cedar,Nanaimo,CB73,18,22L,2018-07-16,0,
Cedar,Nanaimo,CB73,18,22L,2018-09-03,0,
Cedar,Nanaimo,CB88,18,22L,2018-07-16,0,
Cedar,Nanaimo,CB88,18,22L,2018-09-03,0,
Cedar,Nanaimo,CB99,18,22L,2018-07-16,0,
Cedar,Nanaimo,CB99,18,22L,2018-09-03,0,
Cedar,Nanaimo,CO09,18,22L,2018-07-16,0,
Cedar,Nanaimo,CO09,18,22L,2018-09-03,0,
Cedar,Nanaimo,CO14,18,22L,2018-08-10,1,
Cedar,Nanaimo,CO35,18,22L,2018-07-16,0,
Cedar,Nanaimo,CO35,18,22L,2018-09-03,0,
Cedar,Nanaimo,CO92,18,22L,2018-07-16,0,
Cedar,Nanaimo,CO92,18,22L,2018-09-03,0,
Heron,Nanaimo,HG28,18,22L,2018-07-16,0,
Heron,Nanaimo,HG28,18,22L,2018-08-06,1,
Heron,Nanaimo,HG41,18,22L,2018-07-16,0,
Heron,Nanaimo,HG41,18,22L,2018-09-03,0,
Heron,Nanaimo,HG68,18,22L,2018-07-16,0,
Heron,Nanaimo,HG68,18,22L,2018-09-03,0,
Heron,Nanaimo,HW20,18,22L,2018-07-16,0,
Heron,Nanaimo,HW20,18,22L,2018-09-03,0,
Heron,Nanaimo,HW31,18,22L,2018-07-16,0,
Heron,Nanaimo,HW31,18,22L,2018-09-03,0,
Heron,Nanaimo,HW56,18,22L,2018-07-16,0,
Heron,Nanaimo,HW56,18,22L,2018-09-03,0,
Heron,Nanaimo,HW91,18,22L,2018-07-16,0,
Heron,Nanaimo,HW91,18,22L,2018-09-03,0,
Kwak,Calvert,KB10,18,22L,2018-07-16,0,
Kwak,Calvert,KB10,18,22L,2018-09-03,0,
Kwak,Calvert,KB11,18,22L,2018-07-16,0,
Kwak,Calvert,KB11,18,22L,2018-09-03,0,
Kwak,Calvert,KB14,18,22L,2018-07-16,0,
Kwak,Calvert,KB14,18,22L,2018-09-03,0,
Kwak,Calvert,KB56,18,22L,2018-07-16,0,
Kwak,Calvert,KB56,18,22L,2018-09-03,0,
Kwak,Calvert,KB70,18,22L,2018-07-16,0,
Kwak,Calvert,KB70,18,22L,2018-09-03,0,
Kwak,Calvert,KG13,18,22L,2018-07-16,0,
Kwak,Calvert,KG13,18,22L,2018-09-03,0,
Kwak,Calvert,KG80,18,22L,2018-07-16,0,
Kwak,Calvert,KG80,18,22L,2018-09-03,0,
Pruth,Calvert,PO67,18,22L,2018-07-16,0,
Pruth,Calvert,PO67,18,22L,2018-09-03,0,
Pruth,Calvert,PY22,18,22L,2018-07-16,0,
Pruth,Calvert,PY22,18,22L,2018-09-03,0,
Pruth,Calvert,PY32,18,22L,2018-07-16,0,
Pruth,Calvert,PY32,18,22L,2018-09-03,0,
Pruth,Calvert,PY63,18,22L,2018-07-16,0,
Pruth,Calvert,PY63,18,22L,2018-09-03,0,
Pruth,Calvert,PY67,18,22L,2018-07-16,0,
Pruth,Calvert,PY67,18,22L,2018-09-03,0,
Pruth,Calvert,PY79,18,22L,2018-07-16,0,
Pruth,Calvert,PY79,18,22L,2018-09-03,0,
Pruth,Calvert,PY82,18,22L,2018-07-16,0,
Pruth,Calvert,PY82,18,22L,2018-09-03,0,
Cedar,Nanaimo,CB27,19,22L,2018-07-16,0,
Cedar,Nanaimo,CB27,19,22L,2018-09-03,0,
Cedar,Nanaimo,CB47,19,22L,2018-07-16,0,
Cedar,Nanaimo,CB47,19,22L,2018-09-03,0,
Cedar,Nanaimo,CB58,19,22L,2018-07-16,0,
Cedar,Nanaimo,CB58,19,22L,2018-09-03,0,
Cedar,Nanaimo,CB67,19,22L,2018-07-16,0,
Cedar,Nanaimo,CB67,19,22L,2018-09-03,0,
Cedar,Nanaimo,CB72,19,22L,2018-07-16,0,
Cedar,Nanaimo,CB72,19,22L,2018-09-03,0,
Cedar,Nanaimo,CO30,19,22L,2018-07-16,0,
Cedar,Nanaimo,CO30,19,22L,2018-09-03,0,
Cedar,Nanaimo,CO31,19,22L,2018-07-16,0,
Cedar,Nanaimo,CO31,19,22L,2018-09-03,0,
Heron,Nanaimo,HG39,19,22L,2018-07-16,0,
Heron,Nanaimo,HG39,19,22L,2018-09-03,0,
Heron,Nanaimo,HG64,19,22L,2018-07-16,0,
Heron,Nanaimo,HG64,19,22L,2018-09-03,0,
Heron,Nanaimo,HW07,19,22L,2018-07-16,0,
Heron,Nanaimo,HW07,19,22L,2018-09-03,0,
Heron,Nanaimo,HW49,19,22L,2018-07-16,0,
Heron,Nanaimo,HW49,19,22L,2018-09-03,0,
Heron,Nanaimo,HW59,19,22L,2018-07-16,0,
Heron,Nanaimo,HW59,19,22L,2018-09-03,0,
Heron,Nanaimo,HW92,19,22L,2018-07-16,0,
Heron,Nanaimo,HW92,19,22L,2018-09-03,0,
Heron,Nanaimo,HW95,19,22L,2018-07-16,0,
Heron,Nanaimo,HW95,19,22L,2018-09-03,0,
Kwak,Calvert,KB19,19,22L,2018-07-16,0,
Kwak,Calvert,KB19,19,22L,2018-09-03,0,
Kwak,Calvert,KB35,19,22L,2018-07-16,0,
Kwak,Calvert,KB35,19,22L,2018-09-03,0,
Kwak,Calvert,KB38,19,22L,2018-07-16,0,
Kwak,Calvert,KB38,19,22L,2018-08-12,1,
Kwak,Calvert,KB49,19,22L,2018-07-16,0,
Kwak,Calvert,KB49,19,22L,2018-08-08,1,
Kwak,Calvert,KB63,19,22L,2018-07-16,0,
Kwak,Calvert,KB63,19,22L,2018-09-03,0,
Kwak,Calvert,KB68,19,22L,2018-07-16,0,
Kwak,Calvert,KB68,19,22L,2018-09-03,0,
Kwak,Calvert,KG55,19,22L,2018-07-16,0,
Kwak,Calvert,KG55,19,22L,2018-09-03,0,
Pruth,Calvert,PO36,19,22L,2018-07-16,0,
Pruth,Calvert,PO36,19,22L,2018-09-03,0,
Pruth,Calvert,PO45,19,22L,2018-07-16,0,
Pruth,Calvert,PO45,19,22L,2018-08-12,1,
Pruth,Calvert,PO86,19,22L,2018-07-16,0,
Pruth,Calvert,PO86,19,22L,2018-08-21,1,
Pruth,Calvert,PY34,19,22L,2018-07-16,0,
Pruth,Calvert,PY34,19,22L,2018-09-03,0,
Pruth,Calvert,PY36,19,22L,2018-07-16,0,
Pruth,Calvert,PY36,19,22L,2018-09-03,0,
Pruth,Calvert,PY73,19,22L,2018-07-16,0,
Pruth,Calvert,PY73,19,22L,2018-08-05,1,
Pruth,Calvert,PY76,19,22L,2018-07-16,0,
Pruth,Calvert,PY76,19,22L,2018-09-03,0,
Cedar,Nanaimo,CB37,22,22L,2018-07-16,0,
Cedar,Nanaimo,CB37,22,22L,2018-09-03,0,
Cedar,Nanaimo,CB56,22,22L,2018-07-16,0,
Cedar,Nanaimo,CB56,22,22L,2018-09-03,0,
Cedar,Nanaimo,CB76,22,22L,2018-07-16,0,
Cedar,Nanaimo,CB76,22,22L,2018-09-03,0,
Cedar,Nanaimo,CB95,22,22L,2018-07-16,0,
Cedar,Nanaimo,CB95,22,22L,2018-09-03,0,
Cedar,Nanaimo,CO02,22,22L,2018-07-16,0,
Cedar,Nanaimo,CO02,22,22L,2018-09-03,0,
Cedar,Nanaimo,CO25,22,22L,2018-07-16,0,
Cedar,Nanaimo,CO25,22,22L,2018-09-03,0,
Cedar,Nanaimo,CO47,22,22L,2018-07-16,0,
Cedar,Nanaimo,CO47,22,22L,2018-09-03,0,
Heron,Nanaimo,HG46,22,22L,2018-07-16,0,
Heron,Nanaimo,HG46,22,22L,2018-09-03,0,
Heron,Nanaimo,HG58,22,22L,2018-07-16,0,
Heron,Nanaimo,HG58,22,22L,2018-09-03,0,
Heron,Nanaimo,HW21,22,22L,2018-07-16,0,
Heron,Nanaimo,HW21,22,22L,2018-09-03,0,
Heron,Nanaimo,HW66,22,22L,2018-07-16,0,
Heron,Nanaimo,HW66,22,22L,2018-08-10,1,
Heron,Nanaimo,HW79,22,22L,2018-07-16,0,
Heron,Nanaimo,HW79,22,22L,2018-09-03,0,
Heron,Nanaimo,HW80,22,22L,2018-07-16,0,
Heron,Nanaimo,HW80,22,22L,2018-09-03,0,
Heron,Nanaimo,HW86,22,22L,2018-07-16,0,
Heron,Nanaimo,HW86,22,22L,2018-09-03,0,
Kwak,Calvert,KB30,22,22L,2018-07-16,0,
Kwak,Calvert,KB30,22,22L,2018-08-03,1,
Kwak,Calvert,KB40,22,22L,2018-07-16,0,
Kwak,Calvert,KB40,22,22L,2018-09-03,0,
Kwak,Calvert,KB58,22,22L,2018-07-16,0,
Kwak,Calvert,KB58,22,22L,2018-09-03,0,
Kwak,Calvert,KB71,22,22L,2018-07-16,0,
Kwak,Calvert,KB71,22,22L,2018-09-03,0,
Kwak,Calvert,KB80,22,22L,2018-07-16,0,
Kwak,Calvert,KB80,22,22L,2018-09-03,0,
Kwak,Calvert,KG58,22,22L,2018-07-16,0,
Kwak,Calvert,KG58,22,22L,2018-08-05,1,
Kwak,Calvert,KG72,22,22L,2018-07-16,0,
Kwak,Calvert,KG72,22,22L,2018-09-03,0,
Pruth,Calvert,PO31,22,22L,2018-07-16,0,
Pruth,Calvert,PO31,22,22L,2018-08-01,1,
Pruth,Calvert,PO42,22,22L,2018-07-16,0,
Pruth,Calvert,PO42,22,22L,2018-08-01,1,
Pruth,Calvert,PO87,22,22L,2018-07-16,0,
Pruth,Calvert,PO87,22,22L,2018-08-03,1,
Pruth,Calvert,PY27,22,22L,2018-07-16,0,
Pruth,Calvert,PY27,22,22L,2018-08-01,1,
Pruth,Calvert,PY28,22,22L,2018-07-16,0,
Pruth,Calvert,PY28,22,22L,2018-08-14,1,
Pruth,Calvert,PY68,22,22L,2018-07-16,0,
Pruth,Calvert,PY68,22,22L,2018-09-03,0,
Pruth,Calvert,PY71,22,22L,2018-07-16,0,
Pruth,Calvert,PY71,22,22L,2018-08-03,1,
Cedar,Nanaimo,CB32,23,22L,2018-07-16,0,
Cedar,Nanaimo,CB32,23,22L,2018-09-03,0,
Cedar,Nanaimo,CB46,23,22L,2018-07-16,0,
Cedar,Nanaimo,CB46,23,22L,2018-09-03,0,
Cedar,Nanaimo,CB78,23,22L,2018-07-16,0,
Cedar,Nanaimo,CB78,23,22L,2018-09-03,0,
Cedar,Nanaimo,CO07,23,22L,2018-07-16,0,
Cedar,Nanaimo,CO07,23,22L,2018-09-03,0,
Cedar,Nanaimo,CO16,23,22L,2018-07-16,0,
Cedar,Nanaimo,CO16,23,22L,2018-09-03,0,
Cedar,Nanaimo,CO29,23,22L,2018-07-16,0,
Cedar,Nanaimo,CO29,23,22L,2018-09-03,0,
Cedar,Nanaimo,CO41,23,22L,2018-07-16,0,
Cedar,Nanaimo,CO41,23,22L,2018-09-03,0,
Heron,Nanaimo,HG93,23,22L,2018-07-16,0,
Heron,Nanaimo,HG93,23,22L,2018-09-03,0,
Heron,Nanaimo,HG98,23,22L,2018-07-16,0,
Heron,Nanaimo,HG98,23,22L,2018-09-03,0,
Heron,Nanaimo,HW03,23,22L,2018-07-16,0,
Heron,Nanaimo,HW03,23,22L,2018-09-03,0,
Heron,Nanaimo,HW39,23,22L,2018-07-16,0,
Heron,Nanaimo,HW39,23,22L,2018-09-03,0,
Heron,Nanaimo,HW68,23,22L,2018-07-16,0,
Heron,Nanaimo,HW68,23,22L,2018-09-03,0,
Heron,Nanaimo,HW73,23,22L,2018-07-16,0,
Heron,Nanaimo,HW73,23,22L,2018-09-03,0,
Heron,Nanaimo,HW75,23,22L,2018-07-16,0,
Heron,Nanaimo,HW75,23,22L,2018-09-03,0,
Kwak,Calvert,KB43,23,22L,2018-07-16,0,
Kwak,Calvert,KB43,23,22L,2018-09-03,0,
Kwak,Calvert,KB79,23,22L,2018-07-16,0,
Kwak,Calvert,KB79,23,22L,2018-08-04,1,
Kwak,Calvert,KB96,23,22L,2018-07-16,0,
Kwak,Calvert,KB96,23,22L,2018-08-08,1,
Kwak,Calvert,KG53,23,22L,2018-07-16,0,
Kwak,Calvert,KG53,23,22L,2018-09-03,0,
Kwak,Calvert,KG63,23,22L,2018-07-16,0,
Kwak,Calvert,KG63,23,22L,2018-09-03,0,
Kwak,Calvert,KG79,23,22L,2018-07-16,0,
Kwak,Calvert,KG79,23,22L,2018-08-05,1,
Kwak,Calvert,KG89,23,22L,2018-07-16,0,
Kwak,Calvert,KG89,23,22L,2018-08-08,1,
Pruth,Calvert,PO09,23,22L,2018-07-16,0,
Pruth,Calvert,PO09,23,22L,2018-08-10,1,
Pruth,Calvert,PO29,23,22L,2018-07-16,0,
Pruth,Calvert,PO29,23,22L,2018-09-03,0,
Pruth,Calvert,PO37,23,22L,2018-07-16,0,
Pruth,Calvert,PO37,23,22L,2018-09-03,0,
Pruth,Calvert,PO76,23,22L,2018-07-16,0,
Pruth,Calvert,PO76,23,22L,2018-08-10,1,
Pruth,Calvert,PO93,23,22L,2018-07-16,0,
Pruth,Calvert,PO93,23,22L,2018-09-03,0,
Pruth,Calvert,PY05,23,22L,2018-07-16,0,
Pruth,Calvert,PY05,23,22L,2018-08-13,1,
Pruth,Calvert,PY77,23,22L,2018-07-16,0,
Pruth,Calvert,PY77,23,22L,2018-08-13,1,