SP,ID,Tank,Treat,Stage,Length,Thickness,Linear_shell_growth,Total_weight,Submerged_weight,Died,Notes
Cedar,CB07,1,19A,Init,22.34,2.37,,2.3,,,
Cedar,CB18,1,19A,Init,25.73,3.98,,7.7,,,
Cedar,CB26,1,19A,Init,29.56,3.06,,5,,,
Cedar,CB55,1,22A,Init,29.34,2.51,,3.5,,,
Cedar,CB62,1,15L,Init,35.64,3.73,,7.2,,,
Cedar,CO11,1,15A,Init,26.67,2.51,,2.6,,,
Cedar,CO97,1,15A,Init,27.43,3.12,,3.5,,,
Cedar,CB13,2,22A,Init,28.77,3.41,,3.9,,,
Cedar,CB16,2,22A,Init,23.24,2.99,,2,,,
Cedar,CB60,2,15A,Init,32.7,2.98,,5.6,,,
Cedar,CB89,2,22L,Init,28.41,3.16,,3.9,,,
Cedar,CO17,2,22L,Init,32.42,3.48,,6.4,,,
Cedar,CO42,2,22L,Init,18.1,2.7,,1.3,,,
Cedar,CO48,2,22L,Init,24.44,2.82,,2.3,,,
Cedar,CB01,3,22A,Init,25.9,2.81,,2.9,,,
Cedar,CB12,3,22A,Init,31.02,3.53,,5.3,,,
Cedar,CO13,3,15L,Init,22.15,2.79,,2.4,,,
Cedar,CO20,3,19A,Init,27.48,3.02,,3.2,,,
Cedar,CO33,3,12A,Init,16.01,1.07,,1.3,,,
Cedar,CO54,3,22A,Init,32.25,3.36,,4.9,,,
Cedar,CO86,3,22A,Init,37.44,4.23,,9.3,,,
Cedar,CB10,4,15A,Init,31.87,2.15,,4.5,,,
Cedar,CB11,4,15A,Init,22.39,2.71,,2.7,,,
Cedar,CB21,4,15A,Init,24.9,2.63,,2.9,,,
Cedar,CB34,4,15A,Init,26.31,2.96,,2.8,,,
Cedar,CB36,4,15A,Init,27.77,3.24,,3.9,,,
Cedar,CB71,4,15L,Init,28.4,3.03,,4.5,,,
Cedar,CO26,4,22L,Init,35.02,2.47,,6.2,,,
Cedar,CB17,5,19A,Init,28.34,3.22,,4,,,
Cedar,CB19,5,19A,Init,31.18,3.29,,4.2,,,
Cedar,CB28,5,19A,Init,21.27,2.28,,1.8,,,
Cedar,CB51,5,12A,Init,22.62,2.93,,2.1,,,
Cedar,CO40,5,15L,Init,16.73,1.81,,0.8,,,
Cedar,CO89,5,15L,Init,39.4,4.14,,9.3,,,
Cedar,CY38,5,19A,Init,34.51,3.47,,5.3,,,
Cedar,CB23,6,12A,Init,32.46,3.11,,5.2,,,
Cedar,CB35,6,12A,Init,25.57,3.3,,3.3,,,
Cedar,CB63,6,19A,Init,25.31,2.97,,3.6,,,
Cedar,CB83,6,12A,Init,33.02,3.17,,5.7,,,
Cedar,CB97,6,15L,Init,22.4,2.07,,2.1,,,
Cedar,CO27,6,15A,Init,36.82,3.57,,7.5,,,
Cedar,CO49,6,22A,Init,22.57,2.51,,2.3,,,
Cedar,CB48,7,22L,Init,34.59,3.38,,5.5,,,
Cedar,CB84,7,12A,Init,24.05,2.97,,2.6,,,
Cedar,CO22,7,19A,Init,22.96,2.68,,2.3,,,
Cedar,CO36,7,22L,Init,18.87,2.37,,1.6,,,
Cedar,CO90,7,19A,Init,28.98,3.84,,4.9,,,
Cedar,CO96,7,19A,Init,31.4,3.03,,5.3,,,
Cedar,CO98,7,19A,Init,26.63,3.34,,4.1,,,
Cedar,CB40,8,22A,Init,28.64,3.37,,4.2,,,
Cedar,CB49,8,15A,Init,25.83,3.26,,2.9,,,
Cedar,CB53,8,15L,Init,23.71,3.05,,2.5,,,
Cedar,CB54,8,22A,Init,29.94,3.36,,4.8,,,
Cedar,CB93,8,15L,Init,22.51,2.16,,2.2,,,
Cedar,CO14,8,22A,Init,28.79,3.62,,4,,,
Cedar,CO34,8,22A,Init,18.74,2.01,,1.5,,,
Cedar,CB03,9,12A,Init,24.39,2.56,,2.6,,,
Cedar,CB25,9,12A,Init,28.44,2.78,,3.7,,,
Cedar,CB57,9,22L,Init,29.46,2.7,,4.5,,,
Cedar,CB69,9,19A,Init,34.2,3.38,,6.1,,,
Cedar,CB79,9,22L,Init,32.02,3.12,,5.6,,,
Cedar,CO32,9,22L,Init,24.34,3.23,,3.2,,,
Cedar,CO44,9,15L,Init,19.79,2.38,,1.6,,,
Cedar,CB39,10,19A,Init,32.43,3.48,,6.2,,,
Cedar,CB41,10,19A,Init,34.05,4.38,,7,,,
Cedar,CB94,10,22A,Init,33.55,3.22,,5.8,,,
Cedar,CB98,10,12A,Init,27.66,3.48,,3.5,,,
Cedar,CO15,10,22A,Init,22.6,2.8,,2.3,,,
Cedar,CO19,10,12A,Init,24.77,3.01,,3.3,,,
Cedar,CO94,10,15L,Init,26.63,3.41,,3.9,,,
Cedar,CB42,11,15A,Init,25.05,3.89,,3,,,
Cedar,CB45,11,19A,Init,33.02,2.56,,5.4,,,
Cedar,CB66,11,22A,Init,29.68,2.14,,2,,,
Cedar,CB77,11,22L,Init,23.55,3.29,,2.8,,,
Cedar,CB81,11,12A,Init,24.26,2.56,,2.6,,,
Cedar,CO06,11,12A,Init,38.69,4.09,,8.4,,,
Cedar,CO38,11,15L,Init,18.93,2.52,,1.4,,,
Cedar,CB24,12,12A,Init,34.88,3.09,,6.5,,,
Cedar,CB75,12,19A,Init,25.34,2.99,,3.1,,,
Cedar,CB80,12,12A,Init,22.83,2.48,,2.2,,,
Cedar,CB82,12,15A,Init,30.98,3.4,,4.4,,,
Cedar,CO18,12,22A,Init,26.51,3.61,,3.9,,,
Cedar,CO99,12,15A,Init,22.22,3,,2.5,,,
Cedar,CY41,12,12A,Init,19.7,2.73,,1.4,,,
Cedar,CB44,13,12A,Init,27.56,3.27,,3.7,,,
Cedar,CB64,13,12A,Init,35.33,3.69,,7,,,
Cedar,CB68,13,22L,Init,23.66,2.91,,2.2,,,
Cedar,CB74,13,22L,Init,28.7,2.8,,3.4,,,
Cedar,CO21,13,22A,Init,24.75,2.81,,3.1,,,
Cedar,CO91,13,15A,Init,36.99,3.58,,8.3,,,
Cedar,CO95,13,19A,Init,16.79,2.16,,0.9,,,
Cedar,CB20,14,15A,Init,24.31,2.75,,2.8,,,
Cedar,CB59,14,22L,Init,31.01,3.12,,4.3,,,
Cedar,CO03,14,22L,Init,21.14,2.82,,2,,,
Cedar,CO10,14,22L,Init,21.55,2.59,,1.9,,,
Cedar,CO45,14,12A,Init,38.61,4.54,,9.3,,,
Cedar,CO46,14,15A,Init,21.08,2.82,,2,,,
Cedar,CO87,14,22A,Init,29.73,3.52,,4.9,,,
Cedar,CB09,15,22A,Init,22.44,2.31,,2.2,,,
Cedar,CB31,15,22A,Init,32.67,3.39,,6.2,,,
Cedar,CB65,15,19A,Init,30.81,3.51,,5.1,,,
Cedar,CB90,15,22A,Init,23.08,3.12,,2.8,,,
Cedar,CO01,15,22L,Init,25.86,3.16,,3,,,
Cedar,CO24,15,12A,Init,36.56,2.58,,6.9,,,
Cedar,CO51,15,15L,Init,20.04,2.15,,1.6,,,
Cedar,CB08,16,12A,Init,22.96,2.23,,2.4,,,
Cedar,CB14,16,12A,Init,25.63,2.49,,2.4,,,
Cedar,CB22,16,12A,Init,27.05,2.69,,3.1,,,
Cedar,CB50,16,22A,Init,33.96,3.21,,6.2,,,
Cedar,CO05,16,15L,Init,32.78,3.11,,5.8,,,
Cedar,CO23,16,15A,Init,33.65,3.72,,7,,,
Cedar,CO28,16,12A,Init,16.77,2.01,,1.1,,,
Cedar,CB15,17,15L,Init,25.39,2.7,,2.8,,,
Cedar,CB29,17,15L,Init,32.7,3.83,,6.4,,,
Cedar,CB85,17,15A,Init,29.71,2.38,,5.8,,,
Cedar,CB96,17,22L,Init,27.21,2.87,,3,,,
Cedar,CO39,17,15A,Init,21.01,2.39,,2.1,,,
Cedar,CO50,17,12A,Init,33.91,3.11,,6,,,
Cedar,CO88,17,15A,Init,23.95,2.59,,2.7,,,
Cedar,CB06,18,22L,Init,33.77,3.22,,5.3,,,
Cedar,CB73,18,22L,Init,31.76,3.23,,5.7,,,
Cedar,CB88,18,15L,Init,34.31,4.23,,6.7,,,
Cedar,CB99,18,19A,Init,25.32,2.81,,3.2,,,
Cedar,CO09,18,15L,Init,21.71,2.88,,1.8,,,
Cedar,CO35,18,22A,Init,19.87,2.46,,1.6,,,
Cedar,CO92,18,19A,Init,29.32,3.54,,4.2,,,
Cedar,CB27,19,22L,Init,26.9,2.93,,3.7,,,
Cedar,CB47,19,22L,Init,24.93,2.95,,2.8,,,
Cedar,CB58,19,12A,Init,34.22,3.05,,5.5,,,
Cedar,CB67,19,15A,Init,23.89,3.04,,2.6,,,
Cedar,CB72,19,15A,Init,27.29,2.42,,3.2,,,
Cedar,CO30,19,22L,Init,19.3,2.49,,1.7,,,
Cedar,CO31,19,22L,Init,23.06,2.24,,2.5,,,
Cedar,CB02,20,15L,Init,29.31,3.09,,3.9,,,
Cedar,CB05,20,15L,Init,27.52,2.57,,3.1,,,
Cedar,CB43,20,15L,Init,28.14,2.78,,4,,,
Cedar,CB61,20,22A,Init,29.76,3.62,,4.6,,,
Cedar,CB70,20,12A,Init,31.77,3.19,,5.4,,,
Cedar,CO37,20,15A,Init,19.18,1.62,,1.5,,,
Cedar,CY39,20,15L,Init,32.85,3.7,,5.8,,,
Cedar,CB04,21,15L,Init,27.61,2.76,,3.7,,,
Cedar,CB30,21,15L,Init,36.05,3.56,,7.2,,,
Cedar,CB91,21,22A,Init,22.75,2.98,,2.5,,,
Cedar,CB92,21,15L,Init,30.61,3.43,,4.2,,,
Cedar,CO12,21,19A,Init,34.12,3.06,,6.4,,,
Cedar,CO43,21,22A,Init,19.01,2.36,,1.3,,,
Cedar,CO93,21,22L,Init,25.97,3.35,,3.7,,,
Cedar,CB37,22,22L,Init,31.8,3.63,,4.8,,,
Cedar,CB56,22,19A,Init,27.86,2.87,,4.1,,,
Cedar,CB76,22,12A,Init,29.86,3.49,,4.7,,,
Cedar,CB95,22,19A,Init,22.12,2.29,,2,,,
Cedar,CO02,22,22A,Init,35.05,3.56,,6.6,,,
Cedar,CO25,22,22A,Init,30.21,3.02,,4.1,,,
Cedar,CO47,22,15A,Init,23.35,2.92,,2.4,,,
Cedar,CB32,23,22L,Init,29.38,3.26,,4.3,,,
Cedar,CB46,23,15A,Init,30.91,3.16,,4.6,,,
Cedar,CB78,23,15A,Init,24.43,2.78,,2.8,,,
Cedar,CO07,23,15A,Init,22.42,2.75,,2,,,
Cedar,CO16,23,19A,Init,24.96,2.91,,2.9,,,
Cedar,CO29,23,12A,Init,19.42,2.42,,1.5,,,
Cedar,CO41,23,19A,Init,19.7,2.73,,1.7,,,
Cedar,CB33,24,22L,Init,35.61,3.73,,6,,,
Cedar,CB38,24,15L,Init,35.8,3.28,,7,,,
Cedar,CB52,24,19A,Init,34.72,3.67,,6.1,,,
Cedar,CB86,24,15L,Init,29.57,3.56,,4.8,,,
Cedar,CO04,24,15A,Init,21.47,2.43,,2,,,
Cedar,CO08,24,22L,Init,26.4,2.82,,3.9,,,
Cedar,CY40,24,15L,Init,15.34,1.11,,0.6,,,
Cedar,CY37,,12A,Init,37.87,3.48,,7.1,,,
Heron,HG97,1,19A,Init,24.21,2.68,,2.5,,,
Heron,HW04,1,19A,Init,30.14,3.16,,4.4,,,
Heron,HW10,1,19A,Init,22.26,2.61,,2,,,
Heron,HW12,1,19A,Init,21.25,2.35,,1.6,,,
Heron,HW15,1,19A,Init,24.41,2.93,,2.7,,,
Heron,HW76,1,19A,Init,42.06,4.71,,11.9,,,
Heron,HW96,1,19A,Init,15.98,1.46,,0.7,,,
Heron,HG55,2,22A,Init,23.74,3.14,,7.1,,,
Heron,HG67,2,22A,Init,20.7,1.76,,1.7,,,
Heron,HG71,2,22A,Init,27.91,3.21,,3.9,,,
Heron,HW13,2,22A,Init,24.1,2.71,,2.4,,,
Heron,HW45,2,22A,Init,32.21,2.81,,5.2,,,
Heron,HW52,2,22A,Init,28.32,2.86,,4,,,
Heron,HW58,2,22A,Init,25.33,2.74,,2.6,,,
Heron,HG65,3,22A,Init,28.73,1.94,,3.7,,,
Heron,HG80,3,22A,Init,25.06,2.7,,2.7,,,
Heron,HG89,3,22A,Init,32.78,2.36,,2.2,,,
Heron,HW09,3,22A,Init,32.19,3.89,,5.6,,,
Heron,HW11,3,22A,Init,29.7,3.59,,4.7,,,
Heron,HW22,3,22A,Init,19.22,2.26,,1.3,,,
Heron,HW27,3,22A,Init,29.8,2.82,,4.1,,,
Heron,HG78,4,15A,Init,21.13,2.96,,1.8,,,
Heron,HG82,4,15A,Init,26.66,3.43,,3.4,,,
Heron,HG88,4,15A,Init,26.78,3.04,,3,,,
Heron,HG90,4,15A,Init,25.47,3.11,,2.9,,,
Heron,HW19,4,15A,Init,31.22,2.29,,4.2,,,
Heron,HW50,4,15A,Init,33.47,4.15,,6.6,,,
Heron,HW88,4,15A,Init,20.1,1.96,,1.4,,,
Heron,HG22,5,19A,Init,26.68,2.94,,3.2,,,
Heron,HG37,5,19A,Init,23.78,2.92,,2.4,,,
Heron,HG52,5,19A,Init,26.65,3.53,,1.9,,,
Heron,HG84,5,19A,Init,27.54,2.98,,3.9,,,
Heron,HW01,5,19A,Init,26.52,2.63,,3.1,,,
Heron,HW25,5,19A,Init,35.02,2.67,,6.6,,,
Heron,HW41,5,19A,Init,17.33,1.74,,1,,,
Heron,HG36,6,12A,Init,25.29,2.6,,2.9,,,
Heron,HG38,6,12A,Init,30.7,3.79,,5.2,,,
Heron,HG40,6,12A,Init,29.07,3.93,,4.6,,,
Heron,HG59,6,12A,Init,17.5,2.42,,1.1,,,
Heron,HW43,6,12A,Init,22.8,2.58,,1.9,,,
Heron,HW77,6,12A,Init,34.14,3.07,,6,,,
Heron,HW78,6,12A,Init,39.16,2.84,,9,,,
Heron,HG21,7,15A,Init,23.44,2.67,,2.2,,,
Heron,HG47,7,15A,Init,16.71,2.03,,0.8,,,
Heron,HG62,7,15A,Init,25.73,2.78,,3.3,,,
Heron,HG75,7,15A,Init,27.74,3.34,,3.7,,,
Heron,HG86,7,15A,Init,27.69,3.5,,3.6,,,
Heron,HW18,7,15A,Init,26.44,3.3,,3.2,,,
Heron,HW57,7,15A,Init,28.6,3.66,,4.3,,,
Heron,HG54,8,22A,Init,24.33,2.73,,2.6,,,
Heron,HG79,8,22A,Init,27.41,2.79,,3.4,,,
Heron,HW26,8,22A,Init,20.2,2.58,,1.3,,,
Heron,HW28,8,22A,Init,36.6,2.82,,6.5,,,
Heron,HW38,8,22A,Init,20.52,2.71,,1.8,,,
Heron,HW84,8,22A,Init,26.45,3.29,,4.3,,,
Heron,HW94,8,22A,Init,20.34,2.16,,1.4,,,
Heron,HG53,9,12A,Init,25.26,3.27,,2.9,,,
Heron,HG63,9,12A,Init,31.05,3.07,,5.4,,,
Heron,HG66,9,12A,Init,19.1,2.39,,1.2,,,
Heron,HG91,9,12A,Init,28.64,3.74,,4.1,,,
Heron,HW51,9,12A,Init,25.59,3.02,,2.9,,,
Heron,HW55,9,12A,Init,34.67,4.32,,2.6,,,
Heron,HW85,9,12A,Init,20.88,2.58,,1.5,,,
Heron,HW90,9,12A,Init,24.9,3.03,,3.2,,,
Heron,HG19,10,19A,Init,25.5,3.33,,3,,,
Heron,HG20,10,19A,Init,28.5,3.46,,4.2,,,
Heron,HG42,10,19A,Init,23.39,2.96,,2.3,,,
Heron,HG48,10,19A,Init,26.62,3,,3.2,,,
Heron,HG70,10,19A,Init,16.21,1.97,,0.7,,,
Heron,HW61,10,19A,Init,30.65,3.36,,4.2,,,
Heron,HW70,10,19A,Init,38.72,3.72,,8.8,,,
Heron,HG29,11,15A,Init,24.99,3.51,,2.9,,,
Heron,HG31,11,15A,Init,28.02,3.91,,4.1,,,
Heron,HG56,11,15A,Init,37.19,3.6,,8.5,,,
Heron,HG96,11,15A,Init,18.91,2.37,,1.2,,,
Heron,HW05,11,15A,Init,26.48,2.48,,2.9,,,
Heron,HW06,11,15A,Init,29.2,3.5,,4.1,,,
Heron,HW82,11,15A,Init,20.24,2.45,,1.5,,,
Heron,HG61,12,12A,Init,25.48,2.7,,3,,,
Heron,HG69,12,12A,Init,35.22,3.36,,7,,,
Heron,HG73,12,12A,Init,26.12,3.56,,3.4,,,
Heron,HG74,12,12A,Init,25,2.89,,2.9,,,
Heron,HG99,12,12A,Init,26.52,2.87,,3.6,,,
Heron,HW35,12,12A,Init,21.95,2.84,,1.9,,,
Heron,HW42,12,12A,Init,26.15,3.5,,3.2,,,
Heron,HW99,12,12A,Init,20.14,2.46,,1.4,,,
Heron,HG45,13,19A,Init,21.64,2.94,,2.2,,,
Heron,HG81,13,19A,Init,26.84,3.34,,3.4,,,
Heron,HG85,13,19A,Init,21.28,2.9,,2.1,,,
Heron,HW23,13,19A,Init,25.33,3.13,,2.8,,,
Heron,HW34,13,19A,Init,17.58,2.07,,1.1,,,
Heron,HW47,13,19A,Init,34.77,4.17,,7.5,,,
Heron,HW89,13,19A,Init,25.2,2.98,,2.8,,,
Heron,HG83,14,15A,Init,29.89,2.74,,1.3,,,
Heron,HW30,14,15A,Init,18.3,2.12,,1.2,,,
Heron,HW33,14,15A,Init,27.5,3.16,,3.7,,,
Heron,HW48,14,15A,Init,34.78,3.35,,6.1,,,
Heron,HW53,14,15A,Init,34.6,3.32,,5.7,,,
Heron,HW60,14,15A,Init,22.62,3.03,,2.2,,,
Heron,HW71,14,15A,Init,19.88,1.88,,1.6,,,
Heron,HG43,15,22A,Init,29.32,3.87,,4.7,,,
Heron,HG49,15,22A,Init,27.4,3.92,,3.8,,,
Heron,HG87,15,22A,Init,26.94,3.43,,3.6,,,
Heron,HW29,15,22A,Init,19.44,2.58,,1.4,,,
Heron,HW36,15,22A,Init,19.57,1.97,,1.5,,,
Heron,HW74,15,22A,Init,36.03,2.69,,6.6,,,
Heron,HW97,15,22A,Init,21.23,2.68,,2,,,
Heron,HW16,16,12A,Init,23.74,3.09,,2.7,,,
Heron,HW32,16,12A,Init,17.27,2.19,,0.9,,,
Heron,HW40,16,12A,Init,21.96,2.87,,2.1,,,
Heron,HW67,16,12A,Init,36.13,4.18,,6.5,,,
Heron,HW69,16,12A,Init,26.2,3.07,,3.3,,,
Heron,HW72,16,12A,Init,40.1,3.58,,8.6,,,
Heron,HW87,16,12A,Init,25.91,3.03,,2.9,,,
Heron,HG77,17,15L,Init,32.31,3.27,,5.2,,,
Heron,HW02,17,15L,Init,27.27,3.21,,3.5,,,
Heron,HW14,17,15L,Init,25.34,2.57,,2.8,,,
Heron,HW24,17,15L,Init,19.13,1.58,,1.1,,,
Heron,HW44,17,15L,Init,23.08,2.56,,2.1,,,
Heron,HW64,17,15L,Init,41.01,3.53,,9.4,,,
Heron,HW81,17,15L,Init,18.6,2.6,,1.1,,,
Heron,HG28,18,22L,Init,27.82,2.67,,3.4,,,
Heron,HG41,18,22L,Init,30.4,3.03,,4.3,,,
Heron,HG68,18,22L,Init,35.17,3.57,,7,,,
Heron,HW20,18,22L,Init,30.32,2.29,,4.5,,,
Heron,HW31,18,22L,Init,29.38,3.63,,4.6,,,
Heron,HW56,18,22L,Init,23.88,2.97,,2.5,,,
Heron,HW91,18,22L,Init,22.69,2.75,,2.1,,,
Heron,HG39,19,22L,Init,30.96,3.6,,5,,,
Heron,HG64,19,22L,Init,27.62,3.45,,4.1,,,
Heron,HW07,19,22L,Init,32.34,3.31,,5.5,,,
Heron,HW49,19,22L,Init,31.42,2.98,,5.4,,,
Heron,HW59,19,22L,Init,36.09,4.05,,8,,,
Heron,HW92,19,22L,Init,18.77,2.19,,1.2,,,
Heron,HW95,19,22L,Init,27.39,2.82,,3.2,,,
Heron,HG23,20,15L,Init,22.04,2.42,,2,,,
Heron,HG44,20,15L,Init,32.46,3.43,,5.9,,,
Heron,HG50,20,15L,Init,19.58,1.73,,1,,,
Heron,HG57,20,15L,Init,21.07,2.56,,1.6,,,
Heron,HW17,20,15L,Init,32.42,3.68,,5.8,,,
Heron,HW37,20,15L,Init,38.42,4.23,,8.8,,,
Heron,HW54,20,15L,Init,35.83,3.62,,7.8,,,
Heron,HG51,21,15L,Init,25.85,2.38,,2.4,,,
Heron,HG60,21,15L,Init,18.92,2.3,,1.4,,,
Heron,HG76,21,15L,Init,29.11,3.39,,4.1,,,
Heron,HG92,21,15L,Init,26.85,3.04,,3.5,,,
Heron,HG94,21,15L,Init,27.31,2.48,,2.9,,,
Heron,HG95,21,15L,Init,29.7,3.18,,4.1,,,
Heron,HW65,21,15L,Init,40.57,4.96,,9.3,,,
Heron,HG46,22,22L,Init,14.77,1.92,,0.8,,,
Heron,HG58,22,22L,Init,20.35,2.45,,1.6,,,
Heron,HW21,22,22L,Init,19.96,2.63,,1.5,,,
Heron,HW66,22,22L,Init,38.24,3.69,,8.2,,,
Heron,HW79,22,22L,Init,38.62,4.27,,8.6,,,
Heron,HW80,22,22L,Init,33.05,2.84,,6.3,,,
Heron,HW86,22,22L,Init,33.53,2.83,,5,,,
Heron,HG93,23,22L,Init,19.52,2.47,,1.1,,,
Heron,HG98,23,22L,Init,31.35,3.16,,5.3,,,
Heron,HW03,23,22L,Init,30.31,3.81,,4.8,,,
Heron,HW39,23,22L,Init,35.73,3.24,,7.4,,,
Heron,HW68,23,22L,Init,37.34,4.36,,8.6,,,
Heron,HW73,23,22L,Init,39.87,3.63,,11.6,,,
Heron,HW75,23,22L,Init,22.38,2.69,,1.8,,,
Heron,HG72,24,15L,Init,31.19,3.85,,5.8,,,
Heron,HW08,24,15L,Init,27.02,2.95,,3.5,,,
Heron,HW46,24,15L,Init,26.6,3.14,,3.8,,,
Heron,HW62,24,15L,Init,18.32,1.97,,1,,,
Heron,HW63,24,15L,Init,17.9,2.58,,1.1,,,
Heron,HW83,24,15L,Init,25.95,2.97,,4.3,,,
Kwak,KB27,1,19A,Init,27.72,1.05,,2.2,,,
Kwak,KB28,1,19A,Init,25.44,1.96,,1.7,,,
Kwak,KB44,1,19A,Init,30.39,0.46,,2.3,,,
Kwak,KB53,1,19A,Init,26.58,0.74,,1.5,,,
Kwak,KB97,1,19A,Init,27,0.76,,1.9,,,
Kwak,KG16,1,19A,Init,26.66,1.15,,1.8,,,
Kwak,KG77,1,19A,Init,28.07,0.97,,2,,,
Kwak,KG95,1,19A,Init,29.57,0.64,,2.2,,,
Kwak,KB51,2,22A,Init,29.61,2.3,,2.4,,,
Kwak,KB93,2,22A,Init,22.83,0.64,,1.2,,,
Kwak,KB98,2,22A,Init,22.49,1.45,,1.2,,,
Kwak,KB99,2,22A,Init,24.22,0.68,,1.5,,,
Kwak,KG05,2,22A,Init,30.03,2.32,,2.4,,,
Kwak,KG09,2,22A,Init,28.8,1.12,,2.2,,,
Kwak,KG18,2,22A,Init,30.58,1.37,,2.7,,,
Kwak,KB03,3,22A,Init,31.26,1,,1.5,,,
Kwak,KB62,3,22A,Init,28.58,1.12,,2.2,,,
Kwak,KB81,3,22A,Init,28.49,1.62,,1.8,,,
Kwak,KB87,3,22A,Init,21.85,1.77,,1.2,,,
Kwak,KB88,3,22A,Init,28.49,0.89,,2,,,
Kwak,KG75,3,22A,Init,24.76,0.74,,1.5,,,
Kwak,KG91,3,22A,Init,26.44,0.84,,2.3,,,
Kwak,KB41,4,15A,Init,21.9,1.58,,1.1,,,
Kwak,KB42,4,15A,Init,22.47,0.98,,1.2,,,
Kwak,KB50,4,15A,Init,26.84,1.69,,1.6,,,
Kwak,KB76,4,15A,Init,24.96,0.94,,1.5,,,
Kwak,KG02,4,15A,Init,25.44,1.17,,1.6,,,
Kwak,KG08,4,15A,Init,28.8,0.75,,1.9,,,
Kwak,KG27,4,15A,Init,23.3,1.01,,1.3,,,
Kwak,KB03,5,19A,Init,25.3,1.22,,,,,
Kwak,KB07,5,19A,Init,30.42,1.15,,2.3,,,
Kwak,KB23,5,19A,Init,31.13,0.86,,2.4,,,
Kwak,KB82,5,19A,Init,25.76,0.71,,1.7,,,
Kwak,KB87,5,19A,Init,21.85,1.27,,1.1,,,
Kwak,KG66,5,19A,Init,23.47,0.96,,1.3,,,
Kwak,KG71,5,19A,Init,31.47,1.29,,2.4,,,
Kwak,KB25,6,12A,Init,29.67,0.64,,,,,
Kwak,KB46,6,12A,Init,26.47,1.66,,1.6,,,
Kwak,KB60,6,12A,Init,27.67,0.39,,1.8,,,
Kwak,KB77,6,12A,Init,25.74,1.27,,1.5,,,
Kwak,KB92,6,12A,Init,23.56,0.97,,1.2,,,
Kwak,KG12,6,12A,Init,34.16,1.58,,3.6,,,
Kwak,KG88,6,12A,Init,26.76,1.22,,1.9,,,
Kwak,KB13,7,15A,Init,24.67,1.54,,1.4,,,
Kwak,KB29,7,15A,Init,23.5,1.46,,2.2,,,
Kwak,KB64,7,15A,Init,24.68,0.68,,1.4,,,
Kwak,KG06,7,15A,Init,26.97,0.82,,1.8,,,
Kwak,KG33,7,15A,Init,25.57,1.1,,1.6,,,
Kwak,KG56,7,15A,Init,28.4,1.12,,2.3,,,
Kwak,KG87,7,15A,Init,28.1,1.16,,1.8,,,
Kwak,KG97,7,15A,Init,25.51,0.83,,1.6,,,
Kwak,KB09,8,22A,Init,27.2,0.64,,1.4,,,
Kwak,KB37,8,22A,Init,28.05,0.6,,1.9,,,
Kwak,KB61,8,22A,Init,27.51,0.79,,1.8,,,
Kwak,KG04,8,22A,Init,27.19,1.11,,1.9,,,
Kwak,KG60,8,22A,Init,26.46,1.26,,1.7,,,
Kwak,KG67,8,22A,Init,25.76,1.02,,1.7,,,
Kwak,KG84,8,22A,Init,25.05,0.54,,1.2,,,
Kwak,KB02,9,12A,Init,23.11,1.64,,1.1,,,
Kwak,KB39,9,12A,Init,30.28,0.97,,2.5,,,
Kwak,KB57,9,12A,Init,25.59,0.68,,1.4,,,
Kwak,KB85,9,12A,Init,30.48,1.55,,2.5,,,
Kwak,KG03,9,12A,Init,22.02,1.46,,1,,,
Kwak,KG35,9,12A,Init,29.41,0.84,,2.7,,,
Kwak,KG61,9,12A,Init,29.93,1.13,,2.3,,,
Kwak,KB72,10,19A,Init,23.9,0.97,,1.3,,,
Kwak,KB74,10,19A,Init,25,1.14,,1.5,,,
Kwak,KG24,10,19A,Init,24.18,1.62,,1.8,,,
Kwak,KG30,10,19A,Init,27.77,0.8,,1.7,,,
Kwak,KG54,10,19A,Init,26.21,1,,1.7,,,
Kwak,KG83,10,19A,Init,23.35,0.95,,1.3,,,
Kwak,KG85,10,19A,Init,23.02,0.68,,1.2,,,
Kwak,KB16,11,15A,Init,26.03,1.21,,1.6,,,
Kwak,KB75,11,15A,Init,26.3,1.34,,1.7,,,
Kwak,KB83,11,15A,Init,24.07,0.81,,1.2,,,
Kwak,KG07,11,15A,Init,33.94,0.66,,3.3,,,
Kwak,KG11,11,15A,Init,28.66,1.2,,2.1,,,
Kwak,KG15,11,15A,Init,23.08,1.28,,1.2,,,
Kwak,KG92,11,15A,Init,27.4,0.86,,2,,,
Kwak,KB08,12,12A,Init,26.98,0.69,,1.9,,,
Kwak,KB15,12,12A,Init,24.48,0.81,,1.4,,,
Kwak,KB17,12,12A,Init,26.74,1.29,,1.8,,,
Kwak,KB55,12,12A,Init,24.36,0.77,,1.5,,,
Kwak,KG10,12,12A,Init,24.75,1.74,,1.4,,,
Kwak,KG69,12,12A,Init,27.89,0.76,,2.1,,,
Kwak,KG73,12,12A,Init,29.45,0.97,,2.3,,,
Kwak,KB05,13,19A,Init,29.32,0.48,,2.1,,,
Kwak,KB84,13,19A,Init,27.99,1.62,,1.9,,,
Kwak,KB94,13,19A,Init,26.75,1.14,,1.8,,,
Kwak,KG32,13,19A,Init,26.67,1.52,,1.9,,,
Kwak,KG62,13,19A,Init,28.23,1.52,,2,,,
Kwak,KG81,13,19A,Init,27.91,1.56,,1.8,,,
Kwak,KG98,13,19A,Init,24.48,1.48,,,,,
Kwak,KB26,14,15A,Init,25.67,0.84,,1.5,,,
Kwak,KB54,14,15A,Init,25.76,0.94,,1.6,,,
Kwak,KB89,14,15A,Init,23.57,1.73,,1.2,,,
Kwak,KB90,14,15A,Init,25.01,1.14,,1.5,,,
Kwak,KG65,14,15A,Init,30.33,1.61,,2.3,,,
Kwak,KG68,14,15A,Init,23.67,0.89,,1.3,,,
Kwak,KG99,14,15A,Init,28.44,0.89,,2.5,,,
Kwak,KB18,15,22A,Init,31.95,0.89,,2.5,,,
Kwak,KB20,15,22A,Init,26.85,1.06,,1.8,,,
Kwak,KB48,15,22A,Init,28.09,0.82,,1.8,,,
Kwak,KB59,15,22A,Init,27.36,2.95,,2,,,
Kwak,KG74,15,22A,Init,26.37,0.58,,1.8,,,
Kwak,KG82,15,22A,Init,25.31,0.54,,1.2,,,
Kwak,KG93,15,22A,Init,26.54,0.95,,1.9,,,
Kwak,KB33,16,12A,Init,25.9,1.9,,1.7,,,
Kwak,KB67,16,12A,Init,33.62,1.31,,3.5,,,
Kwak,KB95,16,12A,Init,23.67,1.64,,1.1,,,
Kwak,KG01,16,12A,Init,33.55,0.79,,3,,,
Kwak,KG26,16,12A,Init,31.38,1.97,,2.5,,,
Kwak,KG57,16,12A,Init,25.37,1.86,,1.5,,,
Kwak,KG78,16,12A,Init,27.63,0.69,,1.6,,,
Kwak,KB04,17,15L,Init,23.33,1.08,,1.1,,,
Kwak,KB06,17,15L,Init,29.1,1.38,,1.8,,,
Kwak,KB36,17,15L,Init,25.57,0.59,,1.7,,,
Kwak,KG25,17,15L,Init,29.7,1,,2.5,,,
Kwak,KG52,17,15L,Init,27.91,1.75,,1.9,,,
Kwak,KG76,17,15L,Init,29.88,1.27,,2.5,,,
Kwak,KG90,17,15L,Init,28.06,1.42,,1.2,,,
Kwak,KB10,18,22L,Init,21.68,0.7,,1.9,,,
Kwak,KB11,18,22L,Init,25.46,1.21,,1.8,,,
Kwak,KB14,18,22L,Init,24.44,1.52,,1.3,,,
Kwak,KB56,18,22L,Init,28.46,1.56,,2,,,
Kwak,KB70,18,22L,Init,24.45,1.58,,1.3,,,
Kwak,KG13,18,22L,Init,30.8,1.27,,2.6,,,
Kwak,KG80,18,22L,Init,28.74,1.27,,2,,,
Kwak,KB19,19,22L,Init,28.26,0.57,,2.5,,,
Kwak,KB35,19,22L,Init,29.19,1.65,,2.3,,,
Kwak,KB38,19,22L,Init,29.07,2.07,,3.3,,,
Kwak,KB49,19,22L,Init,26.89,2.02,,1.9,,,
Kwak,KB63,19,22L,Init,30.42,0.94,,2,,,
Kwak,KB68,19,22L,Init,24.71,1.48,,1.5,,,
Kwak,KG55,19,22L,Init,26,1.04,,1.7,,,
Kwak,KB21,20,15L,Init,30.5,0.56,,2.8,,,
Kwak,KB22,20,15L,Init,28.45,1.27,,2.1,,,
Kwak,KB24,20,15L,Init,27.29,0.84,,1.8,,,
Kwak,KB31,20,15L,Init,27.67,0.98,,1.9,,,
Kwak,KB65,20,15L,Init,27.3,2.04,,2,,,
Kwak,KB66,20,15L,Init,25.5,0.96,,1.5,,,
Kwak,KB12,21,15L,Init,30,2.22,,3.4,,,
Kwak,KB34,21,15L,Init,29.61,0.8,,2.4,,,
Kwak,KB78,21,15L,Init,26.12,1.84,,1.8,,,
Kwak,KG59,21,15L,Init,32.54,1.03,,3.1,,,
Kwak,KG86,21,15L,Init,29.53,1.45,,1.4,,,
Kwak,KG94,21,15L,Init,29.95,1.99,,2.4,,,
Kwak,KB30,22,22L,Init,25.77,1.54,,1.6,,,
Kwak,KB40,22,22L,Init,24.52,1,,1.3,,,
Kwak,KB58,22,22L,Init,27.98,2.27,,1.9,,,
Kwak,KB71,22,22L,Init,23.36,1.23,,1.1,,,
Kwak,KB80,22,22L,Init,31.17,1.39,,2.3,,,
Kwak,KG58,22,22L,Init,30.39,2.2,,2.3,,,
Kwak,KG72,22,22L,Init,26.79,0.87,,1.6,,,
Kwak,KB43,23,22L,Init,27.91,0.79,,2,,,
Kwak,KB79,23,22L,Init,21.25,1.92,,1,,,
Kwak,KB96,23,22L,Init,24.12,1.31,,1.3,,,
Kwak,KG53,23,22L,Init,25.79,1.44,,1.4,,,
Kwak,KG63,23,22L,Init,23.68,0.9,,1.3,,,
Kwak,KG79,23,22L,Init,26.73,1,,1.5,,,
Kwak,KG89,23,22L,Init,27.2,1.19,,1.9,,,
Kwak,KB45,24,15L,Init,24.37,1.19,,1.4,,,
Kwak,KB69,24,15L,Init,27.35,0.68,,1.9,,,
Kwak,KB86,24,15L,Init,26.28,0.9,,1.7,,,
Kwak,KG14,24,15L,Init,29.22,0.84,,2.5,,,
Kwak,KG17,24,15L,Init,30.98,0.81,,2.3,,,
Kwak,KG64,24,15L,Init,25.75,1.13,,1.8,,,
Kwak,KG96,24,15L,Init,27.03,0.85,,1.6,,,
Kwak,KB06,,,Init,25.02,1.05,,,,,
Kwak,KG91,,,Init,23.26,1.06,,1.2,,,
Pruth,PO24,1,19A,Init,30.76,1.19,,3.5,,,
Pruth,PO62,1,19A,Init,29.03,2.01,,3.1,,,
Pruth,PO70,1,19A,Init,27.74,0.62,,2.5,,,
Pruth,PO96,1,19A,Init,32.26,1.81,,4.1,,,
Pruth,PY35,1,19A,Init,31.15,1.38,,3.7,,,
Pruth,PY70,1,19A,Init,27.13,2.09,,2.9,,,
Pruth,PY96,1,19A,Init,31.63,1.54,,3.7,,,
Pruth,PO05,2,22A,Init,29.59,1.54,,3,,,
Pruth,PO82,2,22A,Init,31.14,1.04,,3.6,,,
Pruth,PY08,2,22A,Init,28.62,0.88,,2.7,,,
Pruth,PY26,2,22A,Init,29.71,0.82,,2.9,,,
Pruth,PY72,2,22A,Init,28.2,1.49,,2.7,,,
Pruth,PY81,2,22A,Init,32.35,1.69,,4,,,
Pruth,PY97,2,22A,Init,26.56,0.96,,2,,,
Pruth,PO20,3,22A,Init,26.77,0.75,,2.2,,,
Pruth,PO23,3,22A,Init,30.2,1.08,,3,,,
Pruth,PO32,3,22A,Init,31.81,1.72,,4,,,
Pruth,PO44,3,22A,Init,27.33,1.73,,2.7,,,
Pruth,PY06,3,22A,Init,25.62,0.78,,2,,,
Pruth,PY16,3,22A,Init,29.08,1.81,,3.1,,,
Pruth,PY66,3,22A,Init,29.79,1.39,,2.8,,,
Pruth,PO18,4,15A,Init,30.86,0.98,,3.4,,,
Pruth,PO22,4,15A,Init,29.88,1.1,,2.7,,,
Pruth,PY07,4,15A,Init,25.17,0.81,,1.8,,,
Pruth,PY65,4,15A,Init,29.81,1.61,,3.1,,,
Pruth,PY83,4,15A,Init,31.98,0.82,,3.5,,,
Pruth,PY89,4,15A,Init,25.72,1.12,,2,,,
Pruth,PY92,4,15A,Init,30.32,0.78,,2.9,,,
Pruth,PO38,5,19A,Init,31.79,0.77,,3.2,,,
Pruth,PO89,5,19A,Init,30.38,1.01,,4,,,
Pruth,PY18,5,19A,Init,26.8,1.51,,2.4,,,
Pruth,PY30,5,19A,Init,28.24,2,,3.2,,,
Pruth,PY85,5,19A,Init,25.04,0.82,,2,,,
Pruth,PY87,5,19A,Init,32.56,1.38,,3.3,,,
Pruth,PY99,5,19A,Init,30.98,0.93,,3.2,,,
Pruth,PO11,6,12A,Init,32.07,1.13,,3.2,,,
Pruth,PO64,6,12A,Init,29.63,1.47,,3.2,,,
Pruth,PO66,6,12A,Init,28.26,1.14,,2.8,,,
Pruth,PO72,6,12A,Init,26.44,1.08,,2.6,,,
Pruth,PO74,6,12A,Init,28.32,1.62,,2.9,,,
Pruth,PO85,6,12A,Init,27.41,1.24,,2.3,,,
Pruth,PO92,6,12A,Init,28.7,1.39,,2.5,,,
Pruth,PO15,7,15A,Init,32.22,0.84,,3.7,,,
Pruth,PO39,7,15A,Init,27.82,1.31,,3,,,
Pruth,PO43,7,15A,Init,30.65,1.85,,3.4,,,
Pruth,PY03,7,15A,Init,28.58,1.19,,2.7,,,
Pruth,PY10,7,15A,Init,27.93,1.4,,2.6,,,
Pruth,PY14,7,15A,Init,26.85,1.47,,2.4,,,
Pruth,PY33,7,15A,Init,28.69,1.31,,3.1,,,
Pruth,PO04,8,22A,Init,30.14,1.08,,2.9,,,
Pruth,PO40,8,22A,Init,28.73,2,,2.9,,,
Pruth,PO41,8,22A,Init,29.37,1.35,,2.5,,,
Pruth,PO90,8,22A,Init,31.64,1.64,,3.4,,,
Pruth,PO98,8,22A,Init,32.05,1.07,,3.5,,,
Pruth,PY02,8,22A,Init,30.54,1.07,,3.2,,,
Pruth,PY21,8,22A,Init,27.83,0.88,,2.5,,,
Pruth,PO25,9,12A,Init,30.7,0.82,,3.6,,,
Pruth,PO71,9,12A,Init,28.17,2.21,,2.5,,,
Pruth,PO75,9,12A,Init,31.92,0.9,,3.3,,,
Pruth,PO80,9,12A,Init,32.23,1.02,,3.6,,,
Pruth,PY17,9,12A,Init,28.02,0.85,,2.4,,,
Pruth,PY23,9,12A,Init,33.96,0.58,,3.8,,,
Pruth,PY57,9,12A,Init,28.82,1.58,,3,,,
Pruth,PO08,10,19A,Init,32.03,0.97,,4.5,,,
Pruth,PO10,10,19A,Init,27.91,0.91,,2.4,,,
Pruth,PO16,10,19A,Init,24.26,0.89,,1.8,,,
Pruth,PO56,10,19A,Init,27.92,0.93,,2.4,,,
Pruth,PO95,10,19A,Init,29.35,1.02,,3.3,,,
Pruth,PY60,10,19A,Init,27.87,0.91,,2.7,,,
Pruth,PY80,10,19A,Init,30.2,1.08,,2.8,,,
Pruth,PO13,11,15A,Init,29.52,2.39,,3.3,,,
Pruth,PO55,11,15A,Init,26.55,0.89,,1.9,,,
Pruth,PO68,11,15A,Init,28.33,1.05,,2.4,,,
Pruth,PO77,11,15A,Init,30.16,1.02,,2.9,,,
Pruth,PY01,11,15A,Init,31.44,1.2,,3.2,,,
Pruth,PY31,11,15A,Init,29.34,1.31,,2.6,,,
Pruth,PY88,11,15A,Init,30.82,1.82,,3.7,,,
Pruth,PO06,12,12A,Init,29.77,1.26,,2.8,,,
Pruth,PO07,12,12A,Init,28.61,1.58,,3,,,
Pruth,PO17,12,12A,Init,30.02,1.01,,3.3,,,
Pruth,PO78,12,12A,Init,29.49,1.17,,2.8,,,
Pruth,PY62,12,12A,Init,28.08,1.25,,3.1,,,
Pruth,PY75,12,12A,Init,28.34,0.86,,2.2,,,
Pruth,PY84,12,12A,Init,26.34,0.95,,2.4,,,
Pruth,PO21,13,19A,Init,27.38,1.54,,2.8,,,
Pruth,PO61,13,19A,Init,30.02,1.25,,2.8,,,
Pruth,PO79,13,19A,Init,27.09,0.85,,2.3,,,
Pruth,PY24,13,19A,Init,26.65,1.43,,2.4,,,
Pruth,PY86,13,19A,Init,29.94,0.8,,2.7,,,
Pruth,PY93,13,19A,Init,26.3,1.52,,2.5,,,
Pruth,PO14,14,15A,Init,25.98,2,,2.1,,,
Pruth,PO30,14,15A,Init,25.94,1.43,,2.5,,,
Pruth,PO33,14,15A,Init,29.57,1.94,,3,,,
Pruth,PO53,14,15A,Init,31.88,0.82,,3.3,,,
Pruth,PO83,14,15A,Init,25.91,1.66,,2.3,,,
Pruth,PY20,14,15A,Init,29.77,1.02,,3.6,,,
Pruth,PY29,14,15A,Init,24.29,1.16,,1.7,,,
Pruth,PO52,15,22A,Init,32.01,1.08,,3.6,,,
Pruth,PO81,15,22A,Init,31.88,0.79,,3.5,,,
Pruth,PY55,15,22A,Init,27.98,1.18,,2.5,,,
Pruth,PY59,15,22A,Init,29.5,0.78,,3.2,,,
Pruth,PY91,15,22A,Init,30.53,0.96,,3.3,,,
Pruth,PY95,15,22A,Init,26.38,1.56,,2.7,,,
Pruth,PY98,15,22A,Init,29.05,2.43,,2.5,,,
Pruth,PO19,16,12A,Init,27.81,1.32,,3.5,,,
Pruth,PO27,16,12A,Init,26.2,1.1,,2.1,,,
Pruth,PO57,16,12A,Init,27.36,0.81,,2.5,,,
Pruth,PO94,16,12A,Init,30.58,1.41,,3,,,
Pruth,PY09,16,12A,Init,30.99,1.59,,2.5,,,
Pruth,PY61,16,12A,Init,28.02,1.84,,2.8,,,
Pruth,PY74,16,12A,Init,28.47,0.78,,2.7,,,
Pruth,PO58,17,15L,Init,31.09,0.89,,3.2,,,
Pruth,PO60,17,15L,Init,28.23,2.16,,2.6,,,
Pruth,PO69,17,15L,Init,29.52,0.9,,3,,,
Pruth,PO97,17,15L,Init,27.66,1.72,,3.3,,,
Pruth,PY12,17,15L,Init,28.33,0.76,,2.6,,,
Pruth,PY15,17,15L,Init,30.52,1.02,,3.3,,,
Pruth,PY64,17,15L,Init,26.56,0.72,,2,,,
Pruth,PO67,18,22L,Init,29.33,1.04,,2.8,,,
Pruth,PY22,18,22L,Init,27.53,1.36,,2.6,,,
Pruth,PY32,18,22L,Init,30.87,0.88,,3.2,,,
Pruth,PY63,18,22L,Init,29.89,1.84,,3.4,,,
Pruth,PY67,18,22L,Init,26.4,1.43,,2.6,,,
Pruth,PY79,18,22L,Init,26.97,0.78,,2,,,
Pruth,PY82,18,22L,Init,29.08,1.25,,3.1,,,
Pruth,PO36,19,22L,Init,30.52,1.51,,3,,,
Pruth,PO45,19,22L,Init,27.44,1.32,,2.3,,,
Pruth,PO86,19,22L,Init,26.41,1.81,,2.6,,,
Pruth,PY34,19,22L,Init,26.91,1.46,,2.5,,,
Pruth,PY36,19,22L,Init,29.22,0.97,,2.8,,,
Pruth,PY73,19,22L,Init,29.4,1.01,,3,,,
Pruth,PY76,19,22L,Init,31.89,1.05,,3.4,,,
Pruth,PO28,20,15L,Init,29.91,1.1,,2.8,,,
Pruth,PO34,20,15L,Init,29.7,1.03,,2.7,,,
Pruth,PO35,20,15L,Init,28.15,1.74,,2.7,,,
Pruth,PO65,20,15L,Init,25.31,1.02,,1.8,,,
Pruth,PO84,20,15L,Init,28.6,1.21,,2.6,,,
Pruth,PY11,20,15L,Init,27.7,1.04,,2.2,,,
Pruth,PY19,20,15L,Init,27.74,0.98,,2.5,,,
Pruth,PO26,21,15L,Init,29.56,1.8,,2.8,,,
Pruth,PO59,21,15L,Init,28.39,0.98,,2.5,,,
Pruth,PY13,21,15L,Init,29.29,1.79,,3,,,
Pruth,PY54,21,15L,Init,27.3,0.98,,2.8,,,
Pruth,PY56,21,15L,Init,31.52,0.86,,3.1,,,
Pruth,PY69,21,15L,Init,28.07,0.8,,2.5,,,
Pruth,PY94,21,15L,Init,30.6,0.86,,3.1,,,
Pruth,PO31,22,22L,Init,29.38,2.39,,3.2,,,
Pruth,PO42,22,22L,Init,27.98,1.06,,2.9,,,
Pruth,PO87,22,22L,Init,27.12,1.01,,2.6,,,
Pruth,PY27,22,22L,Init,28.93,0.92,,2.6,,,
Pruth,PY28,22,22L,Init,24.77,0.76,,1.8,,,
Pruth,PY68,22,22L,Init,29.85,1.71,,3.4,,,
Pruth,PY71,22,22L,Init,29.72,1.55,,3.7,,,
Pruth,PO09,23,22L,Init,30.43,1.64,,3,,,
Pruth,PO29,23,22L,Init,28.35,0.75,,2.7,,,
Pruth,PO37,23,22L,Init,30.74,1.98,,3.5,,,
Pruth,PO76,23,22L,Init,28.07,0.72,,2.7,,,
Pruth,PO93,23,22L,Init,30.06,1.69,,3.2,,,
Pruth,PY05,23,22L,Init,30.37,1.06,,2.7,,,
Pruth,PY77,23,22L,Init,28.5,1.59,,2.5,,,
Pruth,PO12,24,15L,Init,30.68,1.35,,3.1,,,
Pruth,PO63,24,15L,Init,27.72,0.98,,2.4,,,
Pruth,PO73,24,15L,Init,25.95,1.78,,2.4,,,
Pruth,PO88,24,15L,Init,28.9,1.01,,3.3,,,
Pruth,PO99,24,15L,Init,29.98,1.9,,3.2,,,
Pruth,PY04,24,15L,Init,28.61,0.79,,2.5,,,
Pruth,PY90,24,15L,Init,28.14,0.97,,2.6,,,
Cedar,CB07,1,19A,Mid,,,,2,1.14,,
Cedar,CB18,1,19A,Mid,,,,7.7,3.88,,
Cedar,CB26,1,19A,Mid,,,,4.7,2.47,,
Cedar,CB55,1,19A,Mid,,,,4.1,2.07,,
Cedar,CB62,1,19A,Mid,,,,7.1,3.71,,
Cedar,CO11,1,19A,Mid,,,,2.7,1.27,,
Cedar,CO97,1,19A,Mid,,,,3.6,1.87,,
Heron,HG97,1,19A,Mid,,,,3,1.6,,
Heron,HW04,1,19A,Mid,,,,5,2.58,,
Heron,HW10,1,19A,Mid,,,,2.2,1.13,,
Heron,HW12,1,19A,Mid,,,,1.9,1.01,,
Heron,HW15,1,19A,Mid,,,,3.3,1.83,,
Heron,HW76,1,19A,Mid,,,,12.1,6.69,,
Heron,HW96,1,19A,Mid,,,,1.2,0.68,,
Kwak,KB27,1,19A,Mid,,,,2.7,1.16,,
Kwak,KB28,1,19A,Mid,,,,2.7,1.02,,
Kwak,KB44,1,19A,Mid,,,,3.7,1.41,,
Kwak,KB53,1,19A,Mid,,,,2.3,0.86,,
Kwak,KB97,1,19A,Mid,,,,2.9,1.15,,
Kwak,KG16,1,19A,Mid,,,,2.1,0.83,,
Kwak,KG77,1,19A,Mid,,,,2.9,1.14,,
Kwak,KG95,1,19A,Mid,,,,3.1,1.27,,
Pruth,PO24,1,19A,Mid,,,,3.7,,,
Pruth,PO62,1,19A,Mid,,,,3.5,1.58,,
Pruth,PO70,1,19A,Mid,,,,2.8,1.16,,
Pruth,PO96,1,19A,Mid,,,,4.3,1.82,,
Pruth,PY35,1,19A,Mid,,,,4,1.78,,
Pruth,PY70,1,19A,Mid,,,,3.2,1.67,,
Pruth,PY96,1,19A,Mid,,,,4.2,1.78,,
Cedar,CB13,2,22A,Mid,,,,,,,
Cedar,CB16,2,22A,Mid,,,,2.1,1.02,,
Cedar,CB60,2,22A,Mid,,,,,,,
Cedar,CB89,2,22A,Mid,,,,4,2.06,,
Cedar,CO17,2,22A,Mid,,,,6.3,3.31,,
Cedar,CO42,2,22A,Mid,,,,1.3,0.69,,
Cedar,CO48,2,22A,Mid,,,,,,,
Heron,HG55,2,22A,Mid,,,,7.2,3.69,,
Heron,HG67,2,22A,Mid,,,,1.8,0.96,,
Heron,HG71,2,22A,Mid,,,,4,1.97,,
Heron,HW13,2,22A,Mid,,,,2.4,1.22,,
Heron,HW45,2,22A,Mid,,,,,,,
Heron,HW52,2,22A,Mid,,,,4.1,2,,
Heron,HW58,2,22A,Mid,,,,2.8,1.13,,
Kwak,KB51,2,22A,Mid,,,,,,,
Kwak,KB93,2,22A,Mid,,,,1.2,0.54,,
Kwak,KB98,2,22A,Mid,,,,1.5,,,
Kwak,KB99,2,22A,Mid,,,,1.6,0.57,,
Kwak,KG05,2,22A,Mid,,,,,,,
Kwak,KG09,2,22A,Mid,,,,2.6,1.04,,
Kwak,KG18,2,22A,Mid,,,,,,,
Pruth,PO05,2,22A,Mid,,,,3.1,1.34,,
Pruth,PO82,2,22A,Mid,,,,3.8,1.69,,
Pruth,PY08,2,22A,Mid,,,,,,,
Pruth,PY26,2,22A,Mid,,,,,,,
Pruth,PY72,2,22A,Mid,,,,,,,
Pruth,PY81,2,22A,Mid,,,,,,,
Pruth,PY97,2,22A,Mid,,,,,,,
Cedar,CB01,3,22A,Mid,,,,,,,
Cedar,CB12,3,22A,Mid,,,,,,,
Cedar,CO13,3,22A,Mid,,,,,,,
Cedar,CO20,3,22A,Mid,,,,,,,
Cedar,CO33,3,22A,Mid,,,,,,,
Cedar,CO54,3,22A,Mid,,,,,,,
Cedar,CO86,3,22A,Mid,,,,,,,
Heron,HG65,3,22A,Mid,,,,,,,
Heron,HG80,3,22A,Mid,,,,,,,
Heron,HG89,3,22A,Mid,,,,,,,
Heron,HW09,3,22A,Mid,,,,,,,
Heron,HW11,3,22A,Mid,,,,,,,
Heron,HW22,3,22A,Mid,,,,,,,
Heron,HW27,3,22A,Mid,,,,,,,
Kwak,KB03,3,22A,Mid,,,,,,,
Kwak,KB62,3,22A,Mid,,,,,,,
Kwak,KB81,3,22A,Mid,,,,,,,
Kwak,KB87,3,22A,Mid,,,,,,,
Kwak,KB88,3,22A,Mid,,,,,,,
Kwak,KG75,3,22A,Mid,,,,,,,
Kwak,KG91,3,22A,Mid,,,,,,,
Pruth,PO20,3,22A,Mid,,,,,,,
Pruth,PO23,3,22A,Mid,,,,,,,
Pruth,PO32,3,22A,Mid,,,,,,,
Pruth,PO44,3,22A,Mid,,,,,,,
Pruth,PY06,3,22A,Mid,,,,,,,
Pruth,PY16,3,22A,Mid,,,,,,,
Pruth,PY66,3,22A,Mid,,,,,,,
Cedar,CB10,4,15A,Mid,,,,4.3,2.15,,
Cedar,CB11,4,15A,Mid,,,,2.3,1.28,,
Cedar,CB21,4,15A,Mid,,,,2.6,1.44,,
Cedar,CB34,4,15A,Mid,,,,3,1.55,,
Cedar,CB36,4,15A,Mid,,,,3.6,1.93,,
Cedar,CB71,4,15A,Mid,,,,4.3,2.4,,
Cedar,CO26,4,15A,Mid,,,,6.2,3.13,,
Heron,HG78,4,15A,Mid,,,,1.9,1.1,,
Heron,HG82,4,15A,Mid,,,,3.7,2.09,,
Heron,HG88,4,15A,Mid,,,,3.3,1.76,,
Heron,HG90,4,15A,Mid,,,,3.2,1.91,,
Heron,HW19,4,15A,Mid,,,,4.1,2.15,,
Heron,HW50,4,15A,Mid,,,,6.7,3.67,,
Heron,HW88,4,15A,Mid,,,,1.6,0.94,,
Kwak,KB41,4,15A,Mid,,,,1.4,0.64,,
Kwak,KB42,4,15A,Mid,,,,1.5,0.68,,
Kwak,KB50,4,15A,Mid,,,,2.8,1.23,,
Kwak,KB76,4,15A,Mid,,,,1.9,0.89,,
Kwak,KG02,4,15A,Mid,,,,2.2,1.04,,
Kwak,KG08,4,15A,Mid,,,,2.5,1.1,,
Kwak,KG27,4,15A,Mid,,,,1.4,0.61,,
Pruth,PO18,4,15A,Mid,,,,3.5,1.5,,
Pruth,PO22,4,15A,Mid,,,,3,1.31,,
Pruth,PY07,4,15A,Mid,,,,1.9,0.8,,
Pruth,PY65,4,15A,Mid,,,,3.3,1.61,,
Pruth,PY83,4,15A,Mid,,,,3.6,1.53,,
Pruth,PY89,4,15A,Mid,,,,2.2,1.02,,
Pruth,PY92,4,15A,Mid,,,,3.2,1.44,,
Cedar,CB17,5,19A,Mid,,,,,,,
Cedar,CB19,5,19A,Mid,,,,,,,
Cedar,CB28,5,19A,Mid,,,,,,,
Cedar,CB51,5,19A,Mid,,,,,,,
Cedar,CO40,5,19A,Mid,,,,,,,
Cedar,CO89,5,19A,Mid,,,,,,,
Cedar,CY38,5,19A,Mid,,,,,,,
Heron,HG22,5,19A,Mid,,,,,,,
Heron,HG37,5,19A,Mid,,,,,,,
Heron,HG52,5,19A,Mid,,,,,,,
Heron,HG84,5,19A,Mid,,,,,,,
Heron,HW01,5,19A,Mid,,,,,,,
Heron,HW25,5,19A,Mid,,,,,,,
Heron,HW41,5,19A,Mid,,,,,,,
Kwak,KB03,5,19A,Mid,,,,,,,
Kwak,KB07,5,19A,Mid,,,,,,,
Kwak,KB23,5,19A,Mid,,,,,,,
Kwak,KB82,5,19A,Mid,,,,,,,
Kwak,KB87,5,19A,Mid,,,,,,,
Kwak,KG66,5,19A,Mid,,,,,,,
Kwak,KG71,5,19A,Mid,,,,,,,
Pruth,PO38,5,19A,Mid,,,,,,,
Pruth,PO89,5,19A,Mid,,,,,,,
Pruth,PY18,5,19A,Mid,,,,,,,
Pruth,PY30,5,19A,Mid,,,,,,,
Pruth,PY85,5,19A,Mid,,,,,,,
Pruth,PY87,5,19A,Mid,,,,,,,
Pruth,PY99,5,19A,Mid,,,,,,,
Cedar,CB23,6,12A,Mid,,,,,,,
Cedar,CB35,6,12A,Mid,,,,,,,
Cedar,CB63,6,12A,Mid,,,,,,,
Cedar,CB83,6,12A,Mid,,,,,,,
Cedar,CB97,6,12A,Mid,,,,,,,
Cedar,CO27,6,12A,Mid,,,,,,,
Cedar,CO49,6,12A,Mid,,,,,,,
Heron,HG36,6,12A,Mid,,,,,,,
Heron,HG38,6,12A,Mid,,,,,,,
Heron,HG40,6,12A,Mid,,,,,,,
Heron,HG59,6,12A,Mid,,,,,,,
Heron,HW43,6,12A,Mid,,,,,,,
Heron,HW77,6,12A,Mid,,,,,,,
Heron,HW78,6,12A,Mid,,,,,,,
Kwak,KB25,6,12A,Mid,,,,,,,
Kwak,KB46,6,12A,Mid,,,,,,,
Kwak,KB60,6,12A,Mid,,,,,,,
Kwak,KB77,6,12A,Mid,,,,,,,
Kwak,KB92,6,12A,Mid,,,,,,,
Kwak,KG12,6,12A,Mid,,,,,,,
Kwak,KG88,6,12A,Mid,,,,,,,
Pruth,PO11,6,12A,Mid,,,,,,,
Pruth,PO64,6,12A,Mid,,,,,,,
Pruth,PO66,6,12A,Mid,,,,,,,
Pruth,PO72,6,12A,Mid,,,,,,,
Pruth,PO74,6,12A,Mid,,,,,,,
Pruth,PO85,6,12A,Mid,,,,,,,
Pruth,PO92,6,12A,Mid,,,,,,,
Cedar,CB48,7,15A,Mid,,,,5.9,2.87,,
Cedar,CB84,7,15A,Mid,,,,2.6,1.33,,
Cedar,CO22,7,15A,Mid,,,,2.1,1.15,,
Cedar,CO36,7,15A,Mid,,,,1.4,0.81,,
Cedar,CO90,7,15A,Mid,,,,5.1,2.67,,
Cedar,CO96,7,15A,Mid,,,,5.5,2.66,,
Cedar,CO98,7,15A,Mid,,,,4.6,2.41,,
Heron,HG21,7,15A,Mid,,,,2.3,1.17,,
Heron,HG47,7,15A,Mid,,,,1,0.63,,
Heron,HG62,7,15A,Mid,,,,4.2,2.3,,
Heron,HG75,7,15A,Mid,,,,4,2.13,,
Heron,HG86,7,15A,Mid,,,,3.8,2.1,,
Heron,HW18,7,15A,Mid,,,,3.7,2.05,,
Heron,HW57,7,15A,Mid,,,,5,2.55,,
Kwak,KB13,7,15A,Mid,,,,2,0.8,,
Kwak,KB29,7,15A,Mid,,,,1.6,0.75,,
Kwak,KB64,7,15A,Mid,,,,2.2,0.95,,
Kwak,KG06,7,15A,Mid,,,,2.9,1.24,,
Kwak,KG33,7,15A,Mid,,,,2.2,0.92,,
Kwak,KG56,7,15A,Mid,,,,3.3,1.4,,
Kwak,KG87,7,15A,Mid,,,,2.8,1.1,,
Kwak,KG97,7,15A,Mid,,,,2,0.76,,
Pruth,PO15,7,15A,Mid,,,,4.3,1.86,,
Pruth,PO39,7,15A,Mid,,,,,,,
Pruth,PO43,7,15A,Mid,,,,3.8,1.76,,
Pruth,PY03,7,15A,Mid,,,,3.4,1.49,,
Pruth,PY10,7,15A,Mid,,,,2.9,1.28,,
Pruth,PY14,7,15A,Mid,,,,2.7,1.23,,
Pruth,PY33,7,15A,Mid,,,,3.6,1.73,,
Cedar,CB40,8,22A,Mid,,,,4.1,2.1,,
Cedar,CB49,8,22A,Mid,,,,3,1.52,,
Cedar,CB53,8,22A,Mid,,,,2.2,1.15,,
Cedar,CB54,8,22A,Mid,,,,,,,
Cedar,CB93,8,22A,Mid,,,,2,1.06,,
Cedar,CO14,8,22A,Mid,,,,4.1,,,
Cedar,CO34,8,22A,Mid,,,,,,,
Heron,HG54,8,22A,Mid,,,,2.7,1.36,,
Heron,HG79,8,22A,Mid,,,,3.6,1.85,,
Heron,HW26,8,22A,Mid,,,,1.3,0.7,,
Heron,HW28,8,22A,Mid,,,,6.6,3.23,,
Heron,HW38,8,22A,Mid,,,,1.8,0.97,,
Heron,HW84,8,22A,Mid,,,,3.9,2.1,,
Heron,HW94,8,22A,Mid,,,,1.5,0.73,,
Kwak,KB09,8,22A,Mid,,,,,,,
Kwak,KB37,8,22A,Mid,,,,,,,
Kwak,KB61,8,22A,Mid,,,,,,,
Kwak,KG04,8,22A,Mid,,,,,,,
Kwak,KG60,8,22A,Mid,,,,,,,
Kwak,KG67,8,22A,Mid,,,,,,,
Kwak,KG84,8,22A,Mid,,,,,,,
Pruth,PO04,8,22A,Mid,,,,,,,
Pruth,PO40,8,22A,Mid,,,,,,,
Pruth,PO41,8,22A,Mid,,,,,,,
Pruth,PO90,8,22A,Mid,,,,,,,
Pruth,PO98,8,22A,Mid,,,,,,,
Pruth,PY02,8,22A,Mid,,,,,,,
Pruth,PY21,8,22A,Mid,,,,,,,
Cedar,CB03,9,12A,Mid,,,,2.7,1.38,,
Cedar,CB25,9,12A,Mid,,,,4.1,2.01,,
Cedar,CB44,9,12A,Mid,,,,4.2,2.01,,
Cedar,CB57,9,12A,Mid,,,,4.5,2.28,,
Cedar,CB69,9,12A,Mid,,,,6.8,3.39,,
Cedar,CB79,9,12A,Mid,,,,5.6,2.87,,
Cedar,CO32,9,12A,Mid,,,,3.1,1.65,,
Cedar,CO44,9,12A,Mid,,,,1.6,0.8,,
Heron,HG53,9,12A,Mid,,,,3.2,1.65,,
Heron,HG63,9,12A,Mid,,,,5.5,2.88,,
Heron,HG66,9,12A,Mid,,,,1.7,0.81,,
Heron,HG91,9,12A,Mid,,,,4.2,2.11,,
Heron,HW51,9,12A,Mid,,,,3.8,1.78,,
Heron,HW55,9,12A,Mid,,,,3,1.5,,
Heron,HW85,9,12A,Mid,,,,1.6,0.88,,
Heron,HW90,9,12A,Mid,,,,4.1,1.98,,
Kwak,KB02,9,12A,Mid,,,,1.9,0.63,,
Kwak,KB39,9,12A,Mid,,,,3.9,1.46,,
Kwak,KB57,9,12A,Mid,,,,2.6,0.91,,
Kwak,KB85,9,12A,Mid,,,,3.8,1.4,,
Kwak,KG03,9,12A,Mid,,,,2,0.74,,
Kwak,KG35,9,12A,Mid,,,,3.7,1.5,,
Kwak,KG61,9,12A,Mid,,,,3.8,1.35,,
Pruth,PO25,9,12A,Mid,,,,4.3,1.71,,
Pruth,PO71,9,12A,Mid,,,,2.6,1.18,,
Pruth,PO75,9,12A,Mid,,,,4.1,1.56,,
Pruth,PO80,9,12A,Mid,,,,4.1,1.74,,
Pruth,PY17,9,12A,Mid,,,,3.1,1.26,,
Pruth,PY23,9,12A,Mid,,,,4.6,1.84,,
Pruth,PY57,9,12A,Mid,,,,3.3,1.36,,
Cedar,CB39,10,19A,Mid,,,,6.2,2.23,,
Cedar,CB41,10,19A,Mid,,,,6.8,3.42,,
Cedar,CB94,10,19A,Mid,,,,6.1,3.04,,
Cedar,CB98,10,19A,Mid,,,,3.6,1.77,,
Cedar,CO15,10,19A,Mid,,,,2.3,1.17,,
Cedar,CO19,10,19A,Mid,,,,3.3,1.93,,
Cedar,CO94,10,19A,Mid,,,,3.8,2.12,,
Heron,HG19,10,19A,Mid,,,,3.1,1.59,,
Heron,HG20,10,19A,Mid,,,,4.3,2.29,,
Heron,HG42,10,19A,Mid,,,,2.3,1.14,,
Heron,HG48,10,19A,Mid,,,,3.2,1.53,,
Heron,HG70,10,19A,Mid,,,,0.8,0.39,,
Heron,HW61,10,19A,Mid,,,,4.2,2.16,,
Heron,HW70,10,19A,Mid,,,,9,4.55,,
Kwak,KB72,10,19A,Mid,,,,1.8,0.89,,
Kwak,KB74,10,19A,Mid,,,,1.6,0.73,,
Kwak,KG24,10,19A,Mid,,,,1.7,0.78,,
Kwak,KG30,10,19A,Mid,,,,2.6,1.14,,
Kwak,KG54,10,19A,Mid,,,,2.6,1.18,,
Kwak,KG83,10,19A,Mid,,,,1.6,0.79,,
Kwak,KG85,10,19A,Mid,,,,1.7,0.83,,
Pruth,PO08,10,19A,Mid,,,,4.6,2.08,,
Pruth,PO10,10,19A,Mid,,,,2.8,1.17,,
Pruth,PO16,10,19A,Mid,,,,2.1,1.08,,
Pruth,PO56,10,19A,Mid,,,,2.6,1.14,,
Pruth,PO95,10,19A,Mid,,,,3.4,1.78,,
Pruth,PY60,10,19A,Mid,,,,2.9,1.31,,
Pruth,PY80,10,19A,Mid,,,,2.9,1.3,,
Cedar,CB42,11,15A,Mid,,,,2.8,1.44,,
Cedar,CB45,11,15A,Mid,,,,5.8,2.84,,
Cedar,CB66,11,15A,Mid,,,,2.1,1.09,,
Cedar,CB77,11,15A,Mid,,,,3.2,1.61,,
Cedar,CB81,11,15A,Mid,,,,2.4,1.2,,
Cedar,CO06,11,15A,Mid,,,,8.6,4.36,,
Cedar,CO38,11,15A,Mid,,,,1.3,0.79,,
Heron,HG29,11,15A,Mid,,,,3.9,1.9,,
Heron,HG31,11,15A,Mid,,,,4.5,2.27,,
Heron,HG56,11,15A,Mid,,,,8.9,4.78,,
Heron,HG96,11,15A,Mid,,,,1.3,0.64,,
Heron,HW05,11,15A,Mid,,,,4.1,1.85,,
Heron,HW06,11,15A,Mid,,,,4.7,2.31,,
Heron,HW82,11,15A,Mid,,,,1.5,0.79,,
Kwak,KB16,11,15A,Mid,,,,3,1.07,,
Kwak,KB75,11,15A,Mid,,,,2.4,1.02,,
Kwak,KB83,11,15A,Mid,,,,1.5,0.61,,
Kwak,KG07,11,15A,Mid,,,,5.5,1.92,,
Kwak,KG11,11,15A,Mid,,,,3.8,1.31,,
Kwak,KG15,11,15A,Mid,,,,1.3,0.57,,
Kwak,KG92,11,15A,Mid,,,,3.2,1.19,,
Pruth,PO13,11,15A,Mid,,,,3.3,1.54,,
Pruth,PO55,11,15A,Mid,,,,2.6,1.08,,
Pruth,PO68,11,15A,Mid,,,,3.3,1.33,,
Pruth,PO77,11,15A,Mid,,,,3.5,1.46,,
Pruth,PY01,11,15A,Mid,,,,3.7,1.56,,
Pruth,PY31,11,15A,Mid,,,,3,1.32,,
Pruth,PY88,11,15A,Mid,,,,3.7,1.73,,
Cedar,CB24,12,12A,Mid,,,,6.2,3.17,,
Cedar,CB75,12,12A,Mid,,,,2.8,1.52,,
Cedar,CB80,12,12A,Mid,,,,2.4,1.31,,
Cedar,CB82,12,12A,Mid,,,,4.5,2.31,,
Cedar,CO18,12,12A,Mid,,,,3.8,2.21,,
Cedar,CO99,12,12A,Mid,,,,2.3,1.35,,
Cedar,CY41,12,12A,Mid,,,,1.6,0.97,,
Heron,HG61,12,12A,Mid,,,,3.4,1.91,,
Heron,HG69,12,12A,Mid,,,,7.6,3.96,,
Heron,HG73,12,12A,Mid,,,,3,1.6,,
Heron,HG74,12,12A,Mid,,,,3,1.62,,
Heron,HG99,12,12A,Mid,,,,3.8,1.96,,
Heron,HW35,12,12A,Mid,,,,2,1.17,,
Heron,HW42,12,12A,Mid,,,,3.4,1.9,,
Heron,HW99,12,12A,Mid,,,,1.5,0.86,,
Kwak,KB08,12,12A,Mid,,,,2.4,1.09,,
Kwak,KB15,12,12A,Mid,,,,2.8,1.01,,
Kwak,KB17,12,12A,Mid,,,,2.5,1.08,,
Kwak,KB55,12,12A,Mid,,,,2.1,0.94,,
Kwak,KG10,12,12A,Mid,,,,2.2,0.91,,
Kwak,KG69,12,12A,Mid,,,,3.1,1.28,,
Kwak,KG73,12,12A,Mid,,,,3.5,1.45,,
Pruth,PO06,12,12A,Mid,,,,2.9,1.3,,
Pruth,PO07,12,12A,Mid,,,,3.4,1.66,,
Pruth,PO17,12,12A,Mid,,,,3.3,1.74,,
Pruth,PO78,12,12A,Mid,,,,3.2,1.56,,
Pruth,PY62,12,12A,Mid,,,,3.1,1.49,,
Pruth,PY75,12,12A,Mid,,,,2.6,1.2,,
Pruth,PY84,12,12A,Mid,,,,2.5,1.13,,
Cedar,CB44,13,19A,Mid,,,,3.6,1.82,,
Cedar,CB64,13,19A,Mid,,,,6.6,3.34,,
Cedar,CB68,13,19A,Mid,,,,2.6,1.27,,
Cedar,CB74,13,19A,Mid,,,,3.3,1.63,,
Cedar,CO21,13,19A,Mid,,,,3.4,1.71,,
Cedar,CO91,13,19A,Mid,,,,8.8,4.33,,
Cedar,CO95,13,19A,Mid,,,,0.9,0.48,,
Heron,HG45,13,19A,Mid,,,,2.9,1.48,,
Heron,HG81,13,19A,Mid,,,,4,1.95,,
Heron,HG85,13,19A,Mid,,,,2.5,1.31,,
Heron,HW23,13,19A,Mid,,,,3,1.53,,
Heron,HW34,13,19A,Mid,,,,1.3,0.67,,
Heron,HW47,13,19A,Mid,,,,7.7,3.96,,
Heron,HW89,13,19A,Mid,,,,3.4,1.74,,
Kwak,KB05,13,19A,Mid,,,,3.2,1.11,,
Kwak,KB84,13,19A,Mid,,,,3.1,1.12,,
Kwak,KB94,13,19A,Mid,,,,3.2,1.1,,
Kwak,KG32,13,19A,Mid,,,,2.5,0.96,,
Kwak,KG62,13,19A,Mid,,,,3,1.14,,
Kwak,KG81,13,19A,Mid,,,,3.3,1.22,,
Kwak,KG98,13,19A,Mid,,,,1.9,0.75,,
Pruth,PO21,13,19A,Mid,,,,3.2,1.38,,
Pruth,PO61,13,19A,Mid,,,,3.2,1.31,,
Pruth,PO79,13,19A,Mid,,,,2.8,1.19,,
Pruth,PY24,13,19A,Mid,,,,3.1,1.29,,
Pruth,PY86,13,19A,Mid,,,,2.9,1.21,,
Pruth,PY93,13,19A,Mid,,,,3.8,1.63,,
Cedar,CB20,14,15A,Mid,,,,2.8,1.53,,
Cedar,CB59,14,15A,Mid,,,,4.3,2.18,,
Cedar,CO03,14,15A,Mid,,,,1.8,1.1,,
Cedar,CO10,14,15A,Mid,,,,1.7,0.9,,
Cedar,CO45,14,15A,Mid,,,,9.4,4.68,,
Cedar,CO46,14,15A,Mid,,,,2.2,,,
Cedar,CO87,14,15A,Mid,,,,5.3,2.92,,
Heron,HG83,14,15A,Mid,,,,3.4,,,
Heron,HW30,14,15A,Mid,,,,1.4,0.75,,
Heron,HW33,14,15A,Mid,,,,3.8,,,
Heron,HW48,14,15A,Mid,,,,6.1,3.11,,
Heron,HW53,14,15A,Mid,,,,5.8,2.91,,
Heron,HW60,14,15A,Mid,,,,2.3,1.37,,
Heron,HW71,14,15A,Mid,,,,1.7,0.99,,
Kwak,KB26,14,15A,Mid,,,,2.1,0.9,,
Kwak,KB54,14,15A,Mid,,,,1.9,0.95,,
Kwak,KB89,14,15A,Mid,,,,1.4,0.68,,
Kwak,KB90,14,15A,Mid,,,,1.8,0.8,,
Kwak,KG65,14,15A,Mid,,,,2.8,,,
Kwak,KG68,14,15A,Mid,,,,1.6,0.68,,
Kwak,KG99,14,15A,Mid,,,,3.1,1.44,,
Pruth,PO14,14,15A,Mid,,,,2.3,1.03,,
Pruth,PO30,14,15A,Mid,,,,2.6,1.25,,
Pruth,PO33,14,15A,Mid,,,,3.2,1.38,,
Pruth,PO53,14,15A,Mid,,,,3.9,1.78,,
Pruth,PO83,14,15A,Mid,,,,,,,
Pruth,PY20,14,15A,Mid,,,,3.9,1.77,,
Pruth,PY29,14,15A,Mid,,,,1.7,0.73,,
Cedar,CB09,15,22A,Mid,,,,2,1,,
Cedar,CB31,15,22A,Mid,,,,6.1,3.11,,
Cedar,CB65,15,22A,Mid,,,,4.7,2.3,,
Cedar,CB90,15,22A,Mid,,,,2.8,1.39,,
Cedar,CO01,15,22A,Mid,,,,3,1.51,,
Cedar,CO24,15,22A,Mid,,,,6.8,2.44,,
Cedar,CO51,15,22A,Mid,,,,1.3,0.68,,
Heron,HG43,15,22A,Mid,,,,4.8,2.67,,
Heron,HG49,15,22A,Mid,,,,3.9,1.92,,
Heron,HG87,15,22A,Mid,,,,3.7,2.16,,
Heron,HW29,15,22A,Mid,,,,1.4,0.73,,
Heron,HW36,15,22A,Mid,,,,1.5,0.86,,
Heron,HW74,15,22A,Mid,,,,6.6,3.23,,
Heron,HW97,15,22A,Mid,,,,2.1,1.1,,
Kwak,KB18,15,22A,Mid,,,,2.7,1.08,,
Kwak,KB20,15,22A,Mid,,,,,,,
Kwak,KB48,15,22A,Mid,,,,2.2,0.86,,
Kwak,KB59,15,22A,Mid,,,,2.1,0.9,,
Kwak,KG74,15,22A,Mid,,,,,,,
Kwak,KG82,15,22A,Mid,,,,1.5,0.59,,
Kwak,KG93,15,22A,Mid,,,,,,,
Pruth,PO52,15,22A,Mid,,,,3.8,1.59,,
Pruth,PO81,15,22A,Mid,,,,3.7,1.57,,
Pruth,PY55,15,22A,Mid,,,,,,,
Pruth,PY59,15,22A,Mid,,,,3.5,1.47,,
Pruth,PY91,15,22A,Mid,,,,,,,
Pruth,PY95,15,22A,Mid,,,,,,,
Pruth,PY98,15,22A,Mid,,,,,,,
Cedar,CB08,16,12A,Mid,,,,2.1,1.09,,
Cedar,CB14,16,12A,Mid,,,,2.7,1.53,,
Cedar,CB22,16,12A,Mid,,,,3.2,1.66,,
Cedar,CB50,16,12A,Mid,,,,6,3.06,,
Cedar,CO05,16,12A,Mid,,,,5.9,3.17,,
Cedar,CO23,16,12A,Mid,,,,6.9,3.53,,
Cedar,CO28,16,12A,Mid,,,,1.1,0.67,,
Heron,HW16,16,12A,Mid,,,,2.7,1.54,,
Heron,HW32,16,12A,Mid,,,,1.1,0.72,,
Heron,HW40,16,12A,Mid,,,,2.2,1.27,,
Heron,HW67,16,12A,Mid,,,,6.6,3.48,,
Heron,HW69,16,12A,Mid,,,,3.5,2.16,,
Heron,HW72,16,12A,Mid,,,,8.7,4.2,,
Heron,HW87,16,12A,Mid,,,,3,1.52,,
Kwak,KB33,16,12A,Mid,,,,1.9,0.88,,
Kwak,KB67,16,12A,Mid,,,,5.1,2.27,,
Kwak,KB95,16,12A,Mid,,,,1.6,0.72,,
Kwak,KG01,16,12A,Mid,,,,3.8,1.5,,
Kwak,KG26,16,12A,Mid,,,,4,1.69,,
Kwak,KG57,16,12A,Mid,,,,1.8,0.81,,
Kwak,KG78,16,12A,Mid,,,,2.5,1.16,,
Pruth,PO19,16,12A,Mid,,,,3.6,1.62,,
Pruth,PO27,16,12A,Mid,,,,2.2,1.04,,
Pruth,PO57,16,12A,Mid,,,,2.5,1.19,,
Pruth,PO94,16,12A,Mid,,,,3.2,1.4,,
Pruth,PY09,16,12A,Mid,,,,2.7,1.53,,
Pruth,PY61,16,12A,Mid,,,,2.9,1.27,,
Pruth,PY74,16,12A,Mid,,,,2.8,1.23,,
Cedar,CB15,17,15L,Mid,,,,3.2,1.48,,
Cedar,CB29,17,15L,Mid,,,,7.5,3.61,,
Cedar,CB85,17,15L,Mid,,,,5.4,2.89,,
Cedar,CB96,17,15L,Mid,,,,3.7,1.68,,
Cedar,CO39,17,15L,Mid,,,,2.1,0.93,,
Cedar,CO50,17,15L,Mid,,,,6.7,3.17,,
Cedar,CO88,17,15L,Mid,,,,3.6,1.62,,
Heron,HG77,17,15L,Mid,,,,5.7,2.72,,
Heron,HW02,17,15L,Mid,,,,4,1.98,,
Heron,HW14,17,15L,Mid,,,,3,1.5,,
Heron,HW24,17,15L,Mid,,,,1.5,0.71,,
Heron,HW44,17,15L,Mid,,,,2.7,1.3,,
Heron,HW64,17,15L,Mid,,,,9.7,4.94,,
Heron,HW81,17,15L,Mid,,,,1.1,0.59,,
Kwak,KB04,17,15L,Mid,,,,2.1,0.78,,
Kwak,KB06,17,15L,Mid,,,,2.2,0.8,,
Kwak,KB36,17,15L,Mid,,,,2.3,0.87,,
Kwak,KG25,17,15L,Mid,,,,3.9,1.41,,
Kwak,KG52,17,15L,Mid,,,,3.3,1.17,,
Kwak,KG76,17,15L,Mid,,,,4.3,1.5,,
Kwak,KG90,17,15L,Mid,,,,2,0.74,,
Pruth,PO58,17,15L,Mid,,,,4.6,1.71,,
Pruth,PO60,17,15L,Mid,,,,3,1.37,,
Pruth,PO69,17,15L,Mid,,,,3.2,1.37,,
Pruth,PO97,17,15L,Mid,,,,4,1.9,,
Pruth,PY12,17,15L,Mid,,,,2.8,1.24,,
Pruth,PY15,17,15L,Mid,,,,3.9,1.66,,
Pruth,PY64,17,15L,Mid,,,,2.3,0.98,,
Cedar,CB06,18,22L,Mid,,,,5.2,2.53,,
Cedar,CB73,18,22L,Mid,,,,5.7,2.93,,
Cedar,CB88,18,22L,Mid,,,,6.9,3.49,,
Cedar,CB99,18,22L,Mid,,,,2.9,1.45,,
Cedar,CO09,18,22L,Mid,,,,2,0.98,,
Cedar,CO35,18,22L,Mid,,,,1.4,0.74,,
Cedar,CO92,18,22L,Mid,,,,5,2.36,,
Heron,HG28,18,22L,Mid,,,,3.6,,,
Heron,HG41,18,22L,Mid,,,,4.9,2.25,,
Heron,HG68,18,22L,Mid,,,,7.4,3.66,,
Heron,HW20,18,22L,Mid,,,,4.8,2.43,,
Heron,HW31,18,22L,Mid,,,,4.8,2.46,,
Heron,HW56,18,22L,Mid,,,,2.6,1.31,,
Heron,HW91,18,22L,Mid,,,,2.3,1.1,,
Kwak,KB10,18,22L,Mid,,,,2.3,0.85,,
Kwak,KB11,18,22L,Mid,,,,1.8,0.82,,
Kwak,KB14,18,22L,Mid,,,,1.6,0.6,,
Kwak,KB56,18,22L,Mid,,,,2.4,0.91,,
Kwak,KB70,18,22L,Mid,,,,1.5,0.59,,
Kwak,KG13,18,22L,Mid,,,,3.2,1.19,,
Kwak,KG80,18,22L,Mid,,,,2.5,0.92,,
Pruth,PO67,18,22L,Mid,,,,2.9,1.32,,
Pruth,PY22,18,22L,Mid,,,,2.6,1.13,,
Pruth,PY32,18,22L,Mid,,,,3.5,1.38,,
Pruth,PY63,18,22L,Mid,,,,3.5,1.56,,
Pruth,PY67,18,22L,Mid,,,,2.8,1.21,,
Pruth,PY79,18,22L,Mid,,,,2.4,1.02,,
Pruth,PY82,18,22L,Mid,,,,3.3,1.38,,
Cedar,CB27,19,22L,Mid,,,,3.3,1.74,,
Cedar,CB47,19,22L,Mid,,,,2.7,1.37,,
Cedar,CB58,19,22L,Mid,,,,5.6,2.76,,
Cedar,CB67,19,22L,Mid,,,,2.4,1.31,,
Cedar,CB72,19,22L,Mid,,,,2.9,1.4,,
Cedar,CO30,19,22L,Mid,,,,1.5,0.79,,
Cedar,CO31,19,22L,Mid,,,,2.2,1.11,,
Heron,HG39,19,22L,Mid,,,,5,2.59,,
Heron,HG64,19,22L,Mid,,,,4.2,2.15,,
Heron,HW07,19,22L,Mid,,,,5.5,2.92,,
Heron,HW49,19,22L,Mid,,,,5.4,2.72,,
Heron,HW59,19,22L,Mid,,,,8.2,4.15,,
Heron,HW92,19,22L,Mid,,,,1.2,0.61,,
Heron,HW95,19,22L,Mid,,,,8,1.66,,
Kwak,KB19,19,22L,Mid,,,,2.9,1.16,,
Kwak,KB35,19,22L,Mid,,,,2.7,1.08,,
Kwak,KB38,19,22L,Mid,,,,2.7,1.04,,
Kwak,KB49,19,22L,Mid,,,,,,,
Kwak,KB63,19,22L,Mid,,,,2.4,0.92,,
Kwak,KB68,19,22L,Mid,,,,1.5,0.64,,
Kwak,KG55,19,22L,Mid,,,,1.8,0.73,,
Pruth,PO36,19,22L,Mid,,,,3,1.32,,
Pruth,PO45,19,22L,Mid,,,,2.4,0.99,,
Pruth,PO86,19,22L,Mid,,,,2.5,1.23,,
Pruth,PY34,19,22L,Mid,,,,2.5,1.12,,
Pruth,PY36,19,22L,Mid,,,,2.9,1.23,,
Pruth,PY73,19,22L,Mid,,,,,,,
Pruth,PY76,19,22L,Mid,,,,3.5,1.47,,
Cedar,CB02,20,15L,Mid,,,,3.9,1.98,,
Cedar,CB05,20,15L,Mid,,,,3.2,1.7,,
Cedar,CB43,20,15L,Mid,,,,4.3,2.33,,
Cedar,CB61,20,15L,Mid,,,,4.7,2.49,,
Cedar,CB70,20,15L,Mid,,,,5.4,2.86,,
Cedar,CO37,20,15L,Mid,,,,1.3,0.8,,
Cedar,CY39,20,15L,Mid,,,,5.9,3.23,,
Heron,HG23,20,15L,Mid,,,,2.5,1.38,,
Heron,HG44,20,15L,Mid,,,,6.1,3.27,,
Heron,HG50,20,15L,Mid,,,,1.2,0.71,,
Heron,HG57,20,15L,Mid,,,,1.8,0.97,,
Heron,HW17,20,15L,Mid,,,,6.1,3.01,,
Heron,HW37,20,15L,Mid,,,,9,4.61,,
Heron,HW54,20,15L,Mid,,,,8.7,4.74,,
Kwak,KB21,20,15L,Mid,,,,4.2,1.66,,
Kwak,KB22,20,15L,Mid,,,,3.2,1.35,,
Kwak,KB24,20,15L,Mid,,,,3,1.25,,
Kwak,KB31,20,15L,Mid,,,,2.3,0.98,,
Kwak,KB65,20,15L,Mid,,,,2.9,1.26,,
Kwak,KB66,20,15L,Mid,,,,2.4,1.12,,
Kwak,KG70,20,15L,Mid,,,,2.8,1.11,,
Pruth,PO28,20,15L,Mid,,,,3.2,1.43,,
Pruth,PO34,20,15L,Mid,,,,3.8,1.54,,
Pruth,PO35,20,15L,Mid,,,,2.9,1.43,,
Pruth,PO65,20,15L,Mid,,,,2.1,0.92,,
Pruth,PO84,20,15L,Mid,,,,2.8,1.21,,
Pruth,PY11,20,15L,Mid,,,,2.6,1.24,,
Pruth,PY19,20,15L,Mid,,,,2.7,1.2,,
Cedar,CB04,21,15L,Mid,,,,4.3,2.08,,
Cedar,CB30,21,15L,Mid,,,,7.6,3.82,,
Cedar,CB91,21,15L,Mid,,,,2.5,1.2,,
Cedar,CB92,21,15L,Mid,,,,5,2.5,,
Cedar,CO12,21,15L,Mid,,,,6.4,3.07,,
Cedar,CO43,21,15L,Mid,,,,1.7,0.86,,
Cedar,CO93,21,15L,Mid,,,,4.4,2.15,,
Heron,HG51,21,15L,Mid,,,,2.5,1.21,,
Heron,HG60,21,15L,Mid,,,,2.1,0.98,,
Heron,HG76,21,15L,Mid,,,,5.1,2.39,,
Heron,HG92,21,15L,Mid,,,,3.8,1.94,,
Heron,HG94,21,15L,Mid,,,,3.6,1.69,,
Heron,HG95,21,15L,Mid,,,,4.8,2.28,,
Heron,HW65,21,15L,Mid,,,,9.5,4.52,,
Kwak,KB12,21,15L,Mid,,,,4.5,1.57,,
Kwak,KB34,21,15L,Mid,,,,4.2,1.47,,
Kwak,KB78,21,15L,Mid,,,,2.6,0.96,,
Kwak,KB91,21,15L,Mid,,,,3,1.18,,
Kwak,KG59,21,15L,Mid,,,,4.7,1.62,,
Kwak,KG86,21,15L,Mid,,,,3.3,1.2,,
Kwak,KG94,21,15L,Mid,,,,2.9,1.15,,
Pruth,PO26,21,15L,Mid,,,,3.5,1.37,,
Pruth,PO59,21,15L,Mid,,,,3,1.31,,
Pruth,PY13,21,15L,Mid,,,,3.5,1.41,,
Pruth,PY54,21,15L,Mid,,,,3.1,1.41,,
Pruth,PY56,21,15L,Mid,,,,3.5,1.44,,
Pruth,PY69,21,15L,Mid,,,,3,1.21,,
Pruth,PY94,21,15L,Mid,,,,3.6,1.43,,
Cedar,CB37,22,22L,Mid,,,,4.9,2.31,,
Cedar,CB56,22,22L,Mid,,,,3.9,1.92,,
Cedar,CB76,22,22L,Mid,,,,4.5,2.19,,
Cedar,CB95,22,22L,Mid,,,,2.1,1.09,,
Cedar,CO02,22,22L,Mid,,,,6.5,3.21,,
Cedar,CO25,22,22L,Mid,,,,4.4,2.19,,
Cedar,CO47,22,22L,Mid,,,,2.4,1.22,,
Heron,HG46,22,22L,Mid,,,,,,,
Heron,HG58,22,22L,Mid,,,,1.6,0.77,,
Heron,HW21,22,22L,Mid,,,,1.5,0.74,,
Heron,HW66,22,22L,Mid,,,,8.3,,,
Heron,HW79,22,22L,Mid,,,,8.9,4.52,,
Heron,HW80,22,22L,Mid,,,,6.6,3.06,,
Heron,HW86,22,22L,Mid,,,,5.1,2.27,,
Kwak,KB30,22,22L,Mid,,,,,,,
Kwak,KB40,22,22L,Mid,,,,1.6,0.58,,
Kwak,KB58,22,22L,Mid,,,,2.4,0.83,,
Kwak,KB71,22,22L,Mid,,,,1.2,0.33,,
Kwak,KB80,22,22L,Mid,,,,3.1,1.03,,
Kwak,KG58,22,22L,Mid,,,,3.5,,,
Kwak,KG72,22,22L,Mid,,,,1.8,0.65,,
Pruth,PO31,22,22L,Mid,,,,,,,
Pruth,PO42,22,22L,Mid,,,,,,,
Pruth,PO87,22,22L,Mid,,,,,,,
Pruth,PY27,22,22L,Mid,,,,,,,
Pruth,PY28,22,22L,Mid,,,,1.8,,,
Pruth,PY68,22,22L,Mid,,,,4,1.59,,
Pruth,PY71,22,22L,Mid,,,,,,,
Cedar,CB32,23,22L,Mid,,,,4.6,2.26,,
Cedar,CB46,23,22L,Mid,,,,4.5,2.24,,
Cedar,CB78,23,22L,Mid,,,,2.6,1.33,,
Cedar,CO07,23,22L,Mid,,,,2,1.03,,
Cedar,CO16,23,22L,Mid,,,,2.5,1.23,,
Cedar,CO29,23,22L,Mid,,,,1.4,0.72,,
Cedar,CO41,23,22L,Mid,,,,1.4,0.69,,
Heron,HG93,23,22L,Mid,,,,1.3,0.59,,
Heron,HG98,23,22L,Mid,,,,5.3,2.53,,
Heron,HW03,23,22L,Mid,,,,4.9,2.39,,
Heron,HW39,23,22L,Mid,,,,7.4,3.88,,
Heron,HW68,23,22L,Mid,,,,8.9,4.58,,
Heron,HW73,23,22L,Mid,,,,11.6,6.25,,
Heron,HW75,23,22L,Mid,,,,1.9,0.91,,
Kwak,KB43,23,22L,Mid,,,,2.3,0.87,,
Kwak,KB79,23,22L,Mid,,,,,,,
Kwak,KB96,23,22L,Mid,,,,,,,
Kwak,KG53,23,22L,Mid,,,,1.5,0.54,,
Kwak,KG63,23,22L,Mid,,,,1.4,0.52,,
Kwak,KG79,23,22L,Mid,,,,,,,
Kwak,KG89,23,22L,Mid,,,,,,,
Pruth,PO09,23,22L,Mid,,,,,,,
Pruth,PO29,23,22L,Mid,,,,3.2,1.31,,
Pruth,PO37,23,22L,Mid,,,,3.5,1.52,,
Pruth,PO76,23,22L,Mid,,,,,,,
Pruth,PO93,23,22L,Mid,,,,3.3,1.35,,
Pruth,PY05,23,22L,Mid,,,,,,,
Pruth,PY77,23,22L,Mid,,,,,,,
Cedar,CB33,24,22L,Mid,,,,6.3,3.25,,
Cedar,CB38,24,15L,Mid,,,,7,3.55,,
Cedar,CB52,24,15L,Mid,,,,5.9,3,,
Cedar,CB86,24,15L,Mid,,,,4.4,2.27,,
Cedar,CO04,24,15L,Mid,,,,1.8,0.97,,
Cedar,CO08,24,15L,Mid,,,,3.8,2.18,,
Cedar,CY40,24,15L,Mid,,,,0.9,0.52,,
Heron,HG72,24,15L,Mid,,,,6.2,3.1,,
Heron,HW08,24,15L,Mid,,,,3.7,1.9,,
Heron,HW46,24,15L,Mid,,,,4.1,2.08,,
Heron,HW62,24,15L,Mid,,,,1.2,0.64,,
Heron,HW63,24,15L,Mid,,,,1.3,0.84,,
Heron,HW83,24,15L,Mid,,,,4.6,2.31,,
Heron,HY37,24,15L,Mid,,,,7.4,3.62,,
Kwak,KB45,24,15L,Mid,,,,2.2,1.01,,
Kwak,KB69,24,15L,Mid,,,,3,1.28,,
Kwak,KB86,24,15L,Mid,,,,2.6,1.06,,
Kwak,KG14,24,15L,Mid,,,,3,1.17,,
Kwak,KG17,24,15L,Mid,,,,2.9,1.24,,
Kwak,KG64,24,15L,Mid,,,,2.6,1.15,,
Kwak,KG96,24,15L,Mid,,,,2.3,0.99,,
Pruth,PO12,24,15L,Mid,,,,3.4,1.37,,
Pruth,PO63,24,15L,Mid,,,,2.6,1.06,,
Pruth,PO73,24,15L,Mid,,,,3.1,1.31,,
Pruth,PO88,24,15L,Mid,,,,3.7,1.54,,
Pruth,PO99,24,15L,Mid,,,,3.8,1.59,,
Pruth,PY04,24,15L,Mid,,,,2.8,1.09,,
Pruth,PY90,24,15L,Mid,,,,3.1,1.36,,
Cedar,CB07,1,19A,Final,24.91,1.33,8,2.7,1.29,,
Cedar,CB18,1,19A,Final,35.71,3.93,0,,,,
Cedar,CB26,1,19A,Final,29.32,3.3,0,4.7,2.47,,
Cedar,CB55,1,19A,Final,31.67,1.86,22,5,2.29,,
Cedar,CB62,1,19A,Final,35.58,4.2,0,7.3,3.69,,
Cedar,CO11,1,19A,Final,26.48,2.88,0,2.6,1.24,,
Cedar,CO97,1,19A,Final,27.33,0.94,7,4,1.95,,
Heron,HG97,1,19A,Final,33.16,1.78,41,4.9,2.09,,
Heron,HW04,1,19A,Final,30.29,1.6,11,5.4,2.69,,
Heron,HW10,1,19A,Final,22.17,1.33,7,2.3,1.16,,
Heron,HW12,1,19A,Final,26.13,1.13,28,2.7,1.22,,
Heron,HW15,1,19A,Final,30.17,1.37,27,4.5,2.11,,
Heron,HW76,1,19A,Final,42.22,4.07,1,12,6.44,,
Heron,HW96,1,19A,Final,25.07,0.96,38,2.2,0.98,,
Kwak,KB27,1,19A,Final,32.88,1.31,25,2.9,1.44,,
Kwak,KB28,1,19A,Final,32.49,1.06,34,3.7,1.36,,
Kwak,KB44,1,19A,Final,40.27,0.3,46,5.4,1.83,,
Kwak,KB53,1,19A,Final,33.63,0.88,33,3.2,1.11,,
Kwak,KB97,1,19A,Final,35.01,1.29,31,4,1.4,,
Kwak,KG16,1,19A,Final,28.33,0.73,9,2.3,0.95,,
Kwak,KG77,1,19A,Final,32.72,0.6,24,3.6,1.33,,
Kwak,KG95,1,19A,Final,37.97,1.28,40,4.6,1.63,,
Pruth,PO24,1,19A,Final,,,,,,,
Pruth,PO62,1,19A,Final,35.06,0.72,25,4.6,1.86,,
Pruth,PO70,1,19A,Final,28.46,1.15,4,3,1.24,,
Pruth,PO96,1,19A,Final,32.11,2.52,2,4.4,1.9,,
Pruth,PY35,1,19A,Final,32.81,1.03,7,4.2,1.86,,
Pruth,PY70,1,19A,Final,35.22,0.59,36,4.5,1.99,,
Pruth,PY96,1,19A,Final,31.68,1.53,3,4.1,1.84,,
Cedar,CB13,2,22A,Final,,,,,,,
Cedar,CB16,2,22A,Final,,,,1.9,1.02,,
Cedar,CB60,2,22A,Final,,,,,,,
Cedar,CB89,2,22A,Final,28.46,3.17,0,4.1,2.07,,
Cedar,CO17,2,22A,Final,32.71,3.39,0,6.2,3.27,,
Cedar,CO42,2,22A,Final,,,,,,,
Cedar,CO48,2,22A,Final,,,,,,,
Heron,HG55,2,22A,Final,,,,,,,
Heron,HG67,2,22A,Final,21.33,1.39,5,1.9,0.97,,
Heron,HG71,2,22A,Final,,,,,,,
Heron,HW13,2,22A,Final,24.1,2.8,1,2.4,1.18,,
Heron,HW45,2,22A,Final,,,,,,,
Heron,HW52,2,22A,Final,,,,,,,
Heron,HW58,2,22A,Final,,,,,,,
Kwak,KB51,2,22A,Final,,,,,,,
Kwak,KB93,2,22A,Final,22.66,0.87,3,1.3,0.51,,
Kwak,KB98,2,22A,Final,,,,,,,
Kwak,KB99,2,22A,Final,,,,,,,
Kwak,KG05,2,22A,Final,,,,,,,
Kwak,KG09,2,22A,Final,30.07,0.98,8,2.7,1.1,,
Kwak,KG18,2,22A,Final,,,,,,,
Pruth,PO05,2,22A,Final,,,,,,,
Pruth,PO82,2,22A,Final,31.25,1.59,2,3.7,1.69,,
Pruth,PY08,2,22A,Final,,,,,,,
Pruth,PY26,2,22A,Final,,,,,,,
Pruth,PY72,2,22A,Final,,,,,,,
Pruth,PY81,2,22A,Final,,,,,,,
Pruth,PY97,2,22A,Final,,,,,,,
Cedar,CB01,3,22A,Final,,,,,,,
Cedar,CB12,3,22A,Final,,,,,,,
Cedar,CO13,3,22A,Final,,,,,,,
Cedar,CO20,3,22A,Final,,,,,,,
Cedar,CO33,3,22A,Final,,,,,,,
Cedar,CO54,3,22A,Final,,,,,,,
Cedar,CO86,3,22A,Final,,,,,,,
Heron,HG65,3,22A,Final,,,,,,,
Heron,HG80,3,22A,Final,,,,,,,
Heron,HG89,3,22A,Final,,,,,,,
Heron,HW09,3,22A,Final,,,,,,,
Heron,HW11,3,22A,Final,,,,,,,
Heron,HW22,3,22A,Final,,,,,,,
Heron,HW27,3,22A,Final,,,,,,,
Kwak,KB03,3,22A,Final,,,,,,,
Kwak,KB62,3,22A,Final,,,,,,,
Kwak,KB81,3,22A,Final,,,,,,,
Kwak,KB87,3,22A,Final,,,,,,,
Kwak,KB88,3,22A,Final,,,,,,,
Kwak,KG75,3,22A,Final,,,,,,,
Kwak,KG91,3,22A,Final,,,,,,,
Pruth,PO20,3,22A,Final,,,,,,,
Pruth,PO23,3,22A,Final,,,,,,,
Pruth,PO32,3,22A,Final,,,,,,,
Pruth,PO44,3,22A,Final,,,,,,,
Pruth,PY06,3,22A,Final,,,,,,,
Pruth,PY16,3,22A,Final,,,,,,,
Pruth,PY66,3,22A,Final,,,,,,,
Cedar,CB10,4,15A,Final,31.73,1.1,7,5,2.34,,
Cedar,CB11,4,15A,Final,30.07,1.58,31,3.6,1.65,,
Cedar,CB21,4,15A,Final,32.67,0.3,33,4.3,1.83,,
Cedar,CB34,4,15A,Final,30.1,0.52,19,3.9,1.77,,
Cedar,CB36,4,15A,Final,34.78,1.03,34,5.4,2.34,,
Cedar,CB71,4,15A,Final,34.57,0.62,27,6.3,2.74,,
Cedar,CO26,4,15A,Final,34.77,1.9,3,6.5,3.23,,
Heron,HG78,4,15A,Final,28.29,0.65,19,3.1,1.41,,
Heron,HG82,4,15A,Final,34.35,0.7,33,5.7,2.55,,
Heron,HG88,4,15A,Final,35.58,0.46,38,5.3,2.19,,
Heron,HG90,4,15A,Final,33.31,0.96,31,4.8,2.2,,
Heron,HW19,4,15A,Final,34.29,0.65,19,5.6,2.39,,
Heron,HW50,4,15A,Final,35.65,0.8,14,7.6,3.94,,
Heron,HW88,4,15A,Final,27.31,0.66,27,2.6,1.23,,
Kwak,KB41,4,15A,Final,32.32,0.74,48,2.9,0.95,,
Kwak,KB42,4,15A,Final,31.48,1.13,36,2.8,0.99,,
Kwak,KB50,4,15A,Final,38.57,0.3,55,4.8,1.62,,
Kwak,KB76,4,15A,Final,35.07,0.3,46,3.5,1.21,,
Kwak,KG02,4,15A,Final,36.42,0.4,47,4.2,1.43,,
Kwak,KG08,4,15A,Final,39.88,0.2,48,4.6,1.21,,
Kwak,KG27,4,15A,Final,31.67,0.4,36,2.8,0.89,,
Pruth,PO18,4,15A,Final,32.31,1,7,4,1.6,,
Pruth,PO22,4,15A,Final,36.52,0.3,27,4.2,1.53,,
Pruth,PY07,4,15A,Final,28.25,0.01,17,2.5,0.92,,
Pruth,PY65,4,15A,Final,34.93,0.6,24,4.6,1.8,,
Pruth,PY83,4,15A,Final,33.02,1,5,4.1,1.66,,
Pruth,PY89,4,15A,Final,31.17,0.2,27,3,1.16,,
Pruth,PY92,4,15A,Final,35.78,0.5,23,4.3,1.64,,
Cedar,CB17,5,19A,Final,,,,,,,
Cedar,CB19,5,19A,Final,,,,,,,
Cedar,CB28,5,19A,Final,,,,,,,
Cedar,CB51,5,19A,Final,,,,,,,
Cedar,CO40,5,19A,Final,,,,,,,
Cedar,CO89,5,19A,Final,,,,,,,
Cedar,CY38,5,19A,Final,,,,,,,
Heron,HG22,5,19A,Final,,,,,,,
Heron,HG37,5,19A,Final,,,,,,,
Heron,HG52,5,19A,Final,,,,,,,
Heron,HG84,5,19A,Final,,,,,,,
Heron,HW01,5,19A,Final,,,,,,,
Heron,HW25,5,19A,Final,,,,,,,
Heron,HW41,5,19A,Final,,,,,,,
Kwak,KB03,5,19A,Final,,,,,,,
Kwak,KB07,5,19A,Final,,,,,,,
Kwak,KB23,5,19A,Final,,,,,,,
Kwak,KB82,5,19A,Final,,,,,,,
Kwak,KB87,5,19A,Final,,,,,,,
Kwak,KG66,5,19A,Final,,,,,,,
Kwak,KG71,5,19A,Final,,,,,,,
Pruth,PO38,5,19A,Final,,,,,,,
Pruth,PO89,5,19A,Final,,,,,,,
Pruth,PY18,5,19A,Final,,,,,,,
Pruth,PY30,5,19A,Final,,,,,,,
Pruth,PY85,5,19A,Final,,,,,,,
Pruth,PY87,5,19A,Final,,,,,,,
Pruth,PY99,5,19A,Final,,,,,,,
Cedar,CB23,6,12A,Final,,,,,,,
Cedar,CB35,6,12A,Final,,,,,,,
Cedar,CB63,6,12A,Final,,,,,,,
Cedar,CB83,6,12A,Final,,,,,,,
Cedar,CB97,6,12A,Final,,,,,,,
Cedar,CO27,6,12A,Final,,,,,,,
Cedar,CO49,6,12A,Final,,,,,,,
Heron,HG36,6,12A,Final,,,,,,,
Heron,HG38,6,12A,Final,,,,,,,
Heron,HG40,6,12A,Final,,,,,,,
Heron,HG59,6,12A,Final,,,,,,,
Heron,HW43,6,12A,Final,,,,,,,
Heron,HW77,6,12A,Final,,,,,,,
Heron,HW78,6,12A,Final,,,,,,,
Kwak,KB25,6,12A,Final,,,,,,,
Kwak,KB46,6,12A,Final,,,,,,,
Kwak,KB60,6,12A,Final,,,,,,,
Kwak,KB77,6,12A,Final,,,,,,,
Kwak,KB92,6,12A,Final,,,,,,,
Kwak,KG12,6,12A,Final,,,,,,,
Kwak,KG88,6,12A,Final,,,,,,,
Pruth,PO11,6,12A,Final,,,,,,,
Pruth,PO64,6,12A,Final,,,,,,,
Pruth,PO66,6,12A,Final,,,,,,,
Pruth,PO72,6,12A,Final,,,,,,,
Pruth,PO74,6,12A,Final,,,,,,,
Pruth,PO85,6,12A,Final,,,,,,,
Pruth,PO92,6,12A,Final,,,,,,,
Cedar,CB48,7,15A,Final,34.5,1.49,5,6.2,2.97,,
Cedar,CB84,7,15A,Final,27.24,0.45,22,3.4,1.51,,
Cedar,CO22,7,15A,Final,28.24,0.31,22,2.9,1.43,,
Cedar,CO36,7,15A,Final,24.91,0.37,23,2.2,1.01,,
Cedar,CO90,7,15A,Final,35.52,0.67,24,7,3.13,,
Cedar,CO96,7,15A,Final,35.08,0.53,21,6.8,3.01,,
Cedar,CO98,7,15A,Final,34.6,0.6,36,6.5,2.85,,
Heron,HG21,7,15A,Final,26.14,0.71,8,2.8,1.32,,
Heron,HG47,7,15A,Final,26.72,0.48,39,,,,
Heron,HG62,7,15A,Final,37.83,0.65,51,6.7,2.82,,
Heron,HG75,7,15A,Final,31.81,0.56,20,4.9,2.4,,
Heron,HG86,7,15A,Final,31.97,0.44,23,4.9,2.32,,
Heron,HW18,7,15A,Final,34.52,0.45,40,5.8,2.48,,
Heron,HW57,7,15A,Final,33.88,0.64,26,6.5,2.96,,
Kwak,KB13,7,15A,Final,31.84,0.6,36,2.9,1.02,,
Kwak,KB29,7,15A,Final,33.49,0.4,46,3.1,1.19,,
Kwak,KB64,7,15A,Final,38.28,0.4,46,4.5,1.41,,
Kwak,KG06,7,15A,Final,40.96,0.3,64,5.6,1.71,,
Kwak,KG33,7,15A,Final,36,0.2,40,3.7,1.29,,
Kwak,KG56,7,15A,Final,38.27,0.2,44,5,1.77,,
Kwak,KG87,7,15A,Final,36.72,0.4,42,4,1.41,,
Kwak,KG97,7,15A,Final,30.83,0.3,24,2.9,0.98,,
Pruth,PO15,7,15A,Final,39.08,0.3,32,5.7,2.14,,
Pruth,PO39,7,15A,Final,,,,,,,
Pruth,PO43,7,15A,Final,38.73,0.4,34,5.7,2.15,,
Pruth,PY03,7,15A,Final,34.32,0.2,27,4.3,1.72,,
Pruth,PY10,7,15A,Final,33.49,0.2,25,3.8,1.51,,
Pruth,PY14,7,15A,Final,31.16,0.4,21,3.6,1.27,,
Pruth,PY33,7,15A,Final,39.43,0.2,27,5.7,2.09,,
Cedar,CB40,8,22A,Final,28.28,3.35,1,4.1,2.06,,
Cedar,CB49,8,22A,Final,25.7,3.8,0,3,1.51,,
Cedar,CB53,8,22A,Final,23.56,3.28,0,2.3,1.16,,
Cedar,CB54,8,22A,Final,,,,,,,
Cedar,CB93,8,22A,Final,22.53,2.66,1,2,1.02,,
Cedar,CO14,8,22A,Final,,,,,,,
Cedar,CO34,8,22A,Final,,,,,,,
Heron,HG54,8,22A,Final,25.38,2.93,2,2.8,1.36,,
Heron,HG79,8,22A,Final,27.34,1.38,5,3.7,1.84,,
Heron,HW26,8,22A,Final,20.07,1.63,2,1.4,0.71,,
Heron,HW28,8,22A,Final,36.65,3.27,0,6.6,3.23,,
Heron,HW38,8,22A,Final,20.65,2.85,1,1.9,0.9,,
Heron,HW84,8,22A,Final,26.33,3.41,3,3.9,2.01,,
Heron,HW94,8,22A,Final,20.03,2.45,1,1.5,0.73,,
Kwak,KB09,8,22A,Final,,,,,,,
Kwak,KB37,8,22A,Final,,,,,,,
Kwak,KB61,8,22A,Final,,,,,,,
Kwak,KG04,8,22A,Final,,,,,,,
Kwak,KG60,8,22A,Final,,,,,,,
Kwak,KG67,8,22A,Final,,,,,,,
Kwak,KG84,8,22A,Final,,,,,,,
Pruth,PO04,8,22A,Final,,,,,,,
Pruth,PO40,8,22A,Final,,,,,,,
Pruth,PO41,8,22A,Final,,,,,,,
Pruth,PO90,8,22A,Final,,,,,,,
Pruth,PO98,8,22A,Final,,,,,,,
Pruth,PY02,8,22A,Final,,,,,,,
Pruth,PY21,8,22A,Final,,,,,,,
Cedar,CB03,9,12A,Final,28.44,0.51,22,3.5,1.65,,
Cedar,CB25,9,12A,Final,35.45,0.52,26,5.1,2.33,,
Cedar,CB44,9,12A,Final,28.33,0.63,10,,,,
Cedar,CB57,9,12A,Final,32.94,0.62,20,5.4,2.53,,
Cedar,CB69,9,12A,Final,37.95,0.89,20,7.7,3.72,,
Cedar,CB79,9,12A,Final,36.06,0.7,20,6.5,3.12,,
Cedar,CO32,9,12A,Final,24.4,1,5,3.3,1.74,,
Cedar,CO44,9,12A,Final,26.27,0.43,31,2.3,1.06,,
Heron,HG53,9,12A,Final,30.44,0.42,26,4.2,2.02,,
Heron,HG63,9,12A,Final,30.95,1.1,7,6.1,3.02,,
Heron,HG66,9,12A,Final,27.36,0.51,33,2.8,1.14,,
Heron,HG91,9,12A,Final,30.03,1.03,15,5,2.34,,
Heron,HW51,9,12A,Final,33.88,0.75,37,5.2,2.18,,
Heron,HW55,9,12A,Final,30.38,0.4,30,4.3,1.9,,
Heron,HW85,9,12A,Final,25.43,0.6,21,2.2,1.06,,
Heron,HW90,9,12A,Final,35.24,0.33,41,5.8,2.52,,
Kwak,KB02,9,12A,Final,34,0.4,49,3.3,1,,
Kwak,KB39,9,12A,Final,39.37,0.5,35,5,1.78,,
Kwak,KB57,9,12A,Final,36.73,0.6,49,3.7,1.25,,
Kwak,KB85,9,12A,Final,39.09,0.3,31,5,1.75,,
Kwak,KG03,9,12A,Final,33.14,0.3,51,3.2,1.08,,
Kwak,KG35,9,12A,Final,40.08,0.1,35,4.9,1.93,,
Kwak,KG61,9,12A,Final,41.27,0.3,50,5.5,1.84,,
Pruth,PO25,9,12A,Final,36.2,0.89,25,5.2,2.01,,
Pruth,PO71,9,12A,Final,30.16,0.56,12,2.9,1.29,,
Pruth,PO75,9,12A,Final,38.52,0.56,29,5.2,1.87,,
Pruth,PO80,9,12A,Final,33.59,0.5,12,4.5,1.88,,
Pruth,PY17,9,12A,Final,37.18,0.42,31,4.4,1.57,,
Pruth,PY23,9,12A,Final,41.18,0.35,31,5.8,2.14,,
Pruth,PY57,9,12A,Final,32.41,0.5,21,4,1.57,,
Cedar,CB39,10,19A,Final,32.07,3.32,3,6.6,3.33,,
Cedar,CB41,10,19A,Final,34.7,4.23,2,7,3.46,,
Cedar,CB94,10,19A,Final,33.46,3.19,2,6.1,3.05,,
Cedar,CB98,10,19A,Final,27.27,3.31,3,3.7,1.87,,
Cedar,CO15,10,19A,Final,22.58,2.76,0,2.3,1.22,,
Cedar,CO19,10,19A,Final,34.81,0.74,43,5.5,2.55,,
Cedar,CO94,10,19A,Final,30.92,1.1,27,5.3,2.59,,
Heron,HG19,10,19A,Final,25.98,1.03,9,3.5,1.76,,
Heron,HG20,10,19A,Final,28.75,0.6,8,4.7,2.49,,
Heron,HG42,10,19A,Final,23.49,0.5,3,2.5,1.27,,
Heron,HG48,10,19A,Final,26.47,2.98,0,3.3,1.62,,
Heron,HG70,10,19A,Final,19.81,0.59,18,1.3,0.61,,
Heron,HW61,10,19A,Final,30.41,1.58,5,4.4,2.26,,
Heron,HW70,10,19A,Final,38.14,3.65,2,9.2,4.68,,
Kwak,KB72,10,19A,Final,35.15,0.94,49,3.7,1.25,,
Kwak,KB74,10,19A,Final,27.15,0.5,14,2.1,0.8,,
Kwak,KG24,10,19A,Final,30.04,0.78,31,2.8,1.02,,
Kwak,KG30,10,19A,Final,28.02,0.86,22,3.3,1.22,,
Kwak,KG54,10,19A,Final,34.13,0.7,37,4.1,1.54,,
Kwak,KG83,10,19A,Final,31.15,0.8,34,3.1,1.13,,
Kwak,KG85,10,19A,Final,33.93,0.4,47,3.6,1.21,,
Pruth,PO08,10,19A,Final,32.23,0.9,4,4.8,2.14,,
Pruth,PO10,10,19A,Final,29.27,0.9,5,2.9,1.24,,
Pruth,PO16,10,19A,Final,28.52,0.8,22,3.1,1.27,,
Pruth,PO56,10,19A,Final,28.84,0.6,8,3.1,1.26,,
Pruth,PO95,10,19A,Final,35.79,0.5,27,5.2,2.2,,
Pruth,PY60,10,19A,Final,29.4,0.8,8,3.4,1.44,,
Pruth,PY80,10,19A,Final,30.52,0.9,5,3.2,1.38,,
Cedar,CB42,11,15A,Final,24.81,2.92,0,,,,Dropped shell
Cedar,CB45,11,15A,Final,33.09,2.53,4,6,2.87,,
Cedar,CB66,11,15A,Final,28.05,0.63,23,2.9,1.39,,
Cedar,CB77,11,15A,Final,32.39,0.62,38,4.9,2.11,,
Cedar,CB81,11,15A,Final,31.66,0.8,32,3.8,1.6,,
Cedar,CO06,11,15A,Final,38.73,2.57,5,9.6,4.61,,
Cedar,CO38,11,15A,Final,25.18,0.7,25,2.1,1.04,,
Heron,HG29,11,15A,Final,34.36,0.91,41,5.6,2.52,,
Heron,HG31,11,15A,Final,34.5,0.73,30,6.2,2.8,,
Heron,HG56,11,15A,Final,39.93,0.88,15,10.1,5.25,,
Heron,HG96,11,15A,Final,19.47,0.68,6,1.4,0.69,,
Heron,HW05,11,15A,Final,38.26,0.74,47,6.2,2.64,,
Heron,HW06,11,15A,Final,34.35,0.73,26,5.9,2.77,,
Heron,HW82,11,15A,Final,20.12,2.42,0,1.5,0.79,,
Kwak,KB16,11,15A,Final,38.8,1.56,57,4.9,1.58,,
Kwak,KB75,11,15A,Final,39.13,1.05,55,4.7,1.58,,
Kwak,KB83,11,15A,Final,31.32,0.64,33,2.5,0.88,,
Kwak,KG07,11,15A,Final,45.34,1.57,50,7.5,2.58,,
Kwak,KG11,11,15A,Final,39.13,1.58,47,5.1,1.89,,
Kwak,KG15,11,15A,Final,24.74,0.73,11,1.8,0.62,,
Kwak,KG92,11,15A,Final,38,0.79,47,4.9,1.74,,
Pruth,PO13,11,15A,Final,33.48,0.67,17,4.1,1.78,,
Pruth,PO55,11,15A,Final,36.79,0.81,40,3.8,1.45,,
Pruth,PO68,11,15A,Final,36.61,0.51,33,4.5,1.72,,
Pruth,PO77,11,15A,Final,38.27,0.81,35,5.1,1.92,,
Pruth,PY01,11,15A,Final,39.41,0.88,35,5.3,2.01,,
Pruth,PY31,11,15A,Final,37.6,0.94,40,4.5,1.68,,
Pruth,PY88,11,15A,Final,32.56,1.04,7,4.3,1.91,,
Cedar,CB24,12,12A,Final,35.56,2.52,5,6.6,3.27,,
Cedar,CB75,12,12A,Final,26.12,1,8,3.3,1.6,,
Cedar,CB80,12,12A,Final,28.22,0.7,23,3.5,1.57,,
Cedar,CB82,12,12A,Final,31.6,1.07,7,5.1,2.46,,
Cedar,CO18,12,12A,Final,32.29,0.71,25,5.3,2.58,,
Cedar,CO99,12,12A,Final,30.68,0.93,35,3.8,1.74,,
Cedar,CY41,12,12A,Final,28.29,0.7,37,2.5,1.21,,
Heron,HG61,12,12A,Final,32.72,0.52,30,4.9,2.24,,
Heron,HG69,12,12A,Final,40.94,0.47,32,9.7,4.49,,
Heron,HG73,12,12A,Final,33.07,0.75,34,4.5,1.94,,
Heron,HG74,12,12A,Final,29.41,0.82,22,4.2,1.92,,
Heron,HG99,12,12A,Final,29.54,0.69,20,4.7,2.19,,
Heron,HW35,12,12A,Final,29.82,0.79,30,3.2,1.51,,
Heron,HW42,12,12A,Final,30.74,0.78,21,4.4,2.15,,
Heron,HW99,12,12A,Final,26.89,0.45,29,2.5,1.09,,
Kwak,KB08,12,12A,Final,37.18,0.81,45,4.4,1.41,,
Kwak,KB15,12,12A,Final,36.86,0.97,54,4.4,1.35,,
Kwak,KB17,12,12A,Final,36.76,0.83,46,4.3,1.36,,
Kwak,KB55,12,12A,Final,35.42,0.58,48,3.8,1.27,,
Kwak,KG10,12,12A,Final,36.37,1.25,52,3.9,1.17,,
Kwak,KG69,12,12A,Final,38.67,0.72,45,5.1,1.69,,
Kwak,KG73,12,12A,Final,36.97,1.09,36,4.9,1.72,,
Pruth,PO06,12,12A,Final,32.96,0.6,16,3.5,1.44,,
Pruth,PO07,12,12A,Final,33.3,0.69,21,4.7,1.87,,
Pruth,PO17,12,12A,Final,31.37,0.82,11,3.9,1.68,,
Pruth,PO78,12,12A,Final,35.43,0.91,27,4.4,1.78,,
Pruth,PY62,12,12A,Final,34.97,0.58,32,4.6,1.76,,
Pruth,PY75,12,12A,Final,33.04,0.91,24,3.5,1.41,,
Pruth,PY84,12,12A,Final,33.12,0.59,27,3.4,1.37,,
Cedar,CB44,13,19A,Final,28.33,0.63,10,4.2,2.01,,
Cedar,CB64,13,19A,Final,35.73,0.69,7,7.4,3.6,,
Cedar,CB68,13,19A,Final,30.86,0.63,33,3.9,1.72,,
Cedar,CB74,13,19A,Final,28.53,3.01,1,3.3,1.62,,
Cedar,CO21,13,19A,Final,31.93,0.8,30,4.6,2.11,,
Cedar,CO91,13,19A,Final,42.7,0.9,28,11.4,5.26,,
Cedar,CO95,13,19A,Final,21.03,0.68,15,1.5,0.69,,
Heron,HG45,13,19A,Final,31.33,0.64,40,4.1,1.96,,
Heron,HG81,13,19A,Final,32.7,0.96,29,5.1,2.37,,
Heron,HG85,13,19A,Final,27.52,0.88,28,3.5,1.7,,
Heron,HW23,13,19A,Final,31.28,0.5,30,4.4,1.97,,
Heron,HW34,13,19A,Final,22.06,0.92,21,1.6,0.82,,
Heron,HW47,13,19A,Final,36.23,1.01,11,8.5,4.36,,
Heron,HW89,13,19A,Final,32.68,0.8,33,4.9,2.29,,
Kwak,KB05,13,19A,Final,38.44,0.75,40,4.7,1.61,,
Kwak,KB84,13,19A,Final,35.71,1.46,39,4.2,1.5,,
Kwak,KB94,13,19A,Final,36.76,0.57,45,4.2,1.43,,
Kwak,KG32,13,19A,Final,33.03,0.91,34,3.6,1.36,,
Kwak,KG62,13,19A,Final,36.25,0.86,39,4.2,1.54,,
Kwak,KG81,13,19A,Final,37.14,1.3,44,4.5,1.63,,
Kwak,KG98,13,19A,Final,33.63,0.96,38,3.3,1.15,,
Pruth,PO21,13,19A,Final,30.49,0.98,15,3.8,1.59,,
Pruth,PO61,13,19A,Final,31.93,1.3,5,3.6,1.46,,
Pruth,PO79,13,19A,Final,33.78,0.95,31,3.8,1.48,,
Pruth,PY24,13,19A,Final,33.51,0.68,32,4.2,1.62,,
Pruth,PY86,13,19A,Final,30.93,1.06,9,3.2,1.28,,
Pruth,PY93,13,19A,Final,33.87,1.21,14,4.5,1.9,,
Cedar,CB20,14,15A,Final,26.21,0.82,13,3.4,1.71,,
Cedar,CB59,14,15A,Final,34.53,1.02,18,5.4,2.53,,
Cedar,CO03,14,15A,Final,28.89,0.63,37,3.2,1.44,,
Cedar,CO10,14,15A,Final,24.69,0.37,17,2.4,1.07,,
Cedar,CO45,14,15A,Final,38.55,2.71,4,9.9,4.97,,
Cedar,CO46,14,15A,Final,,,,,,,
Cedar,CO87,14,15A,Final,36.22,0.95,33,7.4,3.49,,
Heron,HG83,14,15A,Final,,,,,,,
Heron,HW30,14,15A,Final,23.75,0.59,22,3.9,1,,
Heron,HW33,14,15A,Final,,,,,,,
Heron,HW48,14,15A,Final,39.57,1,25,8,3.7,,
Heron,HW53,14,15A,Final,35.88,0.89,9,6.4,3.14,,
Heron,HW60,14,15A,Final,30.17,0.72,32,4.1,1.85,,
Heron,HW71,14,15A,Final,28.73,0.54,33,3,1.34,,
Kwak,KB26,14,15A,Final,35.86,0.74,45,3.9,1.32,,
Kwak,KB54,14,15A,Final,36.17,0.63,47,4.2,1.34,,
Kwak,KB89,14,15A,Final,31.2,0.5,36,2.9,1.01,,
Kwak,KB90,14,15A,Final,33.69,1.07,40,3.6,1.24,,
Kwak,KG65,14,15A,Final,,,,,,,
Kwak,KG68,14,15A,Final,32.98,0.64,43,3.2,0.99,,
Kwak,KG99,14,15A,Final,39.68,0.49,49,5.9,2.02,,
Pruth,PO14,14,15A,Final,28.41,0.74,13,2.9,1.18,,
Pruth,PO30,14,15A,Final,32.64,0.66,28,2.1,1.57,,
Pruth,PO33,14,15A,Final,37.32,0.54,31,4.9,1.72,,
Pruth,PO53,14,15A,Final,41.39,0.84,38,5.9,2.22,,
Pruth,PO83,14,15A,Final,,,,,,,
Pruth,PY20,14,15A,Final,35.64,0.67,26,5.6,2.15,,
Pruth,PY29,14,15A,Final,24.1,0.72,9,1.9,0.78,,
Cedar,CB09,15,22A,Final,,,,,,,
Cedar,CB31,15,22A,Final,32.65,3.4,0,6.2,3.06,,
Cedar,CB65,15,22A,Final,,,,,,,
Cedar,CB90,15,22A,Final,,,,,,,
Cedar,CO01,15,22A,Final,,,,,,,
Cedar,CO24,15,22A,Final,36.5,2.93,0,6.9,2.42,,
Cedar,CO51,15,22A,Final,,,,,,,
Heron,HG43,15,22A,Final,29.28,3.56,0,4.8,2.65,,
Heron,HG49,15,22A,Final,27.26,3.92,0,4,1.98,,
Heron,HG87,15,22A,Final,26.76,3.56,0,3.6,1.89,,
Heron,HW29,15,22A,Final,,,,,,,
Heron,HW36,15,22A,Final,19.51,1.98,1,1.6,0.82,,
Heron,HW74,15,22A,Final,,,,,,,
Heron,HW97,15,22A,Final,21.09,2.27,2,2.1,1.08,,
Kwak,KB18,15,22A,Final,31.89,1.2,2,2.9,1.07,,
Kwak,KB20,15,22A,Final,,,,,,,
Kwak,KB48,15,22A,Final,29.15,0.79,7,2.5,0.86,,
Kwak,KB59,15,22A,Final,27.33,0.6,2,,,,
Kwak,KG74,15,22A,Final,,,,,,,
Kwak,KG82,15,22A,Final,26.08,0.64,6,1.7,0.59,,
Kwak,KG93,15,22A,Final,,,,,,,
Pruth,PO52,15,22A,Final,,,,,,,
Pruth,PO81,15,22A,Final,,,,,,,
Pruth,PY55,15,22A,Final,,,,,,,
Pruth,PY59,15,22A,Final,,,,,,,
Pruth,PY91,15,22A,Final,,,,,,,
Pruth,PY95,15,22A,Final,,,,,,,
Pruth,PY98,15,22A,Final,,,,,,,
Cedar,CB08,16,12A,Final,25.12,0.73,13,2.6,1.26,,
Cedar,CB14,16,12A,Final,29.99,0.76,21,3.7,1.78,,
Cedar,CB22,16,12A,Final,30.86,0.57,20,4.4,1.93,,
Cedar,CB50,16,12A,Final,37.67,0.67,23,8,3.54,,
Cedar,CO05,16,12A,Final,34.72,1.35,8,6.6,3.17,,
Cedar,CO23,16,12A,Final,,,,,,,
Cedar,CO28,16,12A,Final,22.84,0.58,23,1.9,0.92,,
Heron,HW16,16,12A,Final,31.02,0.78,28,4.3,1.9,,
Heron,HW32,16,12A,Final,25.96,0.74,37,2.3,1.01,,
Heron,HW40,16,12A,Final,26.42,0.95,20,3.3,1.52,,
Heron,HW67,16,12A,Final,37.77,1.62,10,7.9,3.78,,
Heron,HW69,16,12A,Final,32.78,0.66,30,5.6,2.42,,
Heron,HW72,16,12A,Final,40.38,3.23,3,9,4.28,,
Heron,HW87,16,12A,Final,27.46,1.02,14,3.7,1.74,,
Kwak,KB33,16,12A,Final,31.83,1.01,27,3,1.13,,
Kwak,KB67,16,12A,Final,46.31,1.1,52,8,2.76,,
Kwak,KB95,16,12A,Final,33.7,0.89,45,3,1,,
Kwak,KG01,16,12A,Final,40.84,0.53,29,5.6,1.85,,
Kwak,KG26,16,12A,Final,43.48,0.46,56,6.5,2.15,,
Kwak,KG57,16,12A,Final,34.36,0.59,39,3.7,1.17,,
Kwak,KG78,16,12A,Final,39.04,1.24,46,4.7,1.56,,
Pruth,PO19,16,12A,Final,31.67,0.93,14,4.4,1.82,,
Pruth,PO27,16,12A,Final,31.18,0.65,22,3.1,1.22,,
Pruth,PO57,16,12A,Final,30.93,0.92,17,3.5,1.38,,
Pruth,PO94,16,12A,Final,30.91,1.12,3,3.5,1.49,,
Pruth,PY09,16,12A,Final,33.72,0.25,33,4.2,1.58,,
Pruth,PY61,16,12A,Final,28.3,1.79,2,3.1,1.31,,
Pruth,PY74,16,12A,Final,31.79,0.93,18,3.9,1.46,,
Cedar,CB15,17,15L,Final,25.35,2.35,2,3.1,1.5,,
Cedar,CB29,17,15L,Final,39.63,0.98,27,8.9,4.06,,
Cedar,CB85,17,15L,Final,29.45,2.56,1,5.6,2.94,,
Cedar,CB96,17,15L,Final,34.02,0.52,34,4.8,2.08,,
Cedar,CO39,17,15L,Final,26.48,1.1,23,2.6,1.15,,
Cedar,CO50,17,15L,Final,33.92,3.57,2,6.7,3.27,,
Cedar,CO88,17,15L,Final,31.7,1.01,33,4.6,2.02,,
Heron,HG77,17,15L,Final,36.78,1.12,25,7.2,3.19,,
Heron,HW02,17,15L,Final,32.18,0.95,26,5.5,2.4,,
Heron,HW14,17,15L,Final,29.21,0.56,19,3.9,1.79,,
Heron,HW24,17,15L,Final,27.57,0.53,36,2.6,1.09,,
Heron,HW44,17,15L,Final,29.15,0.94,28,3.4,1.59,,
Heron,HW64,17,15L,Final,40.97,3.6,3,9.9,5.06,,
Heron,HW81,17,15L,Final,18.46,2.6,2,1.1,0.61,,
Kwak,KB04,17,15L,Final,35.76,0.3,56,3.7,1.27,,
Kwak,KB06,17,15L,Final,35.61,0.35,47,3.7,1.18,,
Kwak,KB36,17,15L,Final,33.54,0.13,38,3.4,1.16,,
Kwak,KG25,17,15L,Final,40.59,0.28,48,5.8,1.93,,
Kwak,KG52,17,15L,Final,38.97,0.4,47,5.4,1.5,,
Kwak,KG76,17,15L,Final,43.84,0.5,55,6.4,2.1,,
Kwak,KG90,17,15L,Final,33.45,0.58,45,3.5,1.1,,
Pruth,PO58,17,15L,Final,41.41,0.5,44,6.4,2.11,,
Pruth,PO60,17,15L,Final,34.55,0.82,25,4.2,1.6,,
Pruth,PO69,17,15L,Final,30.53,1.64,6,3.5,1.44,,
Pruth,PO97,17,15L,Final,35.49,0.56,33,5.2,2.23,,
Pruth,PY12,17,15L,Final,31.42,0.53,16,3.6,1.42,,
Pruth,PY15,17,15L,Final,35.58,0.75,20,4.9,1.97,,
Pruth,PY64,17,15L,Final,30.99,0.55,22,2.9,1.16,,
Cedar,CB06,18,22L,Final,33.8,3.64,0,5.1,2.55,,
Cedar,CB73,18,22L,Final,31.67,3.37,1,5.6,2.91,,
Cedar,CB88,18,22L,Final,34.25,4.1,0,6.9,3.48,,
Cedar,CB99,18,22L,Final,25.3,3.01,0,2.8,1.46,,
Cedar,CO09,18,22L,Final,21.67,3.04,1,1.9,0.99,,
Cedar,CO35,18,22L,Final,19.82,2.43,3,1.4,0.73,,
Cedar,CO92,18,22L,Final,30.52,1.32,12,4.9,2.47,,
Heron,HG28,18,22L,Final,28.29,0.69,33,,,,
Heron,HG41,18,22L,Final,30.32,3.01,2,4.5,2.25,,
Heron,HG68,18,22L,Final,35.16,3.76,3,7.4,3.71,,
Heron,HW20,18,22L,Final,30.52,2.57,0,4.7,2.38,,
Heron,HW31,18,22L,Final,29.28,3.73,3,4.7,2.46,,
Heron,HW56,18,22L,Final,23.89,3.47,0,2.4,1.31,,
Heron,HW91,18,22L,Final,22.7,2.96,1,2.1,1.1,,
Kwak,KB10,18,22L,Final,27.8,0.93,3,2.1,0.82,,
Kwak,KB11,18,22L,Final,25.5,1,4,2,0.86,,
Kwak,KB14,18,22L,Final,24.63,0.81,6,1.6,0.65,,
Kwak,KB56,18,22L,Final,28.99,0.9,1,2.5,0.94,,
Kwak,KB70,18,22L,Final,24.37,0.87,2,1.4,0.59,,
Kwak,KG13,18,22L,Final,31.3,0.69,7,3.2,1.23,,
Kwak,KG80,18,22L,Final,,,,,,,
Pruth,PO67,18,22L,Final,29.66,1.09,3,3,1.35,,
Pruth,PY22,18,22L,Final,28.12,1.26,4,2.7,1.16,,
Pruth,PY32,18,22L,Final,31.49,1.08,3,3.6,1.52,,
Pruth,PY63,18,22L,Final,30.37,1.65,2,3.7,1.58,,
Pruth,PY67,18,22L,Final,26.83,0.97,3,2.8,1.21,,
Pruth,PY79,18,22L,Final,27.58,1.13,5,2.3,1.04,,
Pruth,PY82,18,22L,Final,29.03,1.01,1,3.2,1.39,,
Cedar,CB27,19,22L,Final,26.85,3.08,0,3.3,1.79,,
Cedar,CB47,19,22L,Final,24.78,2.5,3,2.7,1.38,,
Cedar,CB58,19,22L,Final,,,,,,,
Cedar,CB67,19,22L,Final,23.95,2.75,0,2.5,1.29,,
Cedar,CB72,19,22L,Final,27.23,2.73,0,3,1.4,,
Cedar,CO30,19,22L,Final,19.23,0.95,3,1.5,0.78,,
Cedar,CO31,19,22L,Final,23.14,1.13,4,2.2,1.1,,
Heron,HG39,19,22L,Final,30.93,3.66,0,4.9,2.59,,
Heron,HG64,19,22L,Final,27.59,3.63,1,4.3,2.15,,
Heron,HW07,19,22L,Final,,,,,,,
Heron,HW49,19,22L,Final,,,,,,,
Heron,HW59,19,22L,Final,36.12,4.49,0,8,4.18,,
Heron,HW92,19,22L,Final,18.72,2.22,0,1.1,0.64,,
Heron,HW95,19,22L,Final,,,,,,,
Kwak,KB19,19,22L,Final,28.8,0.74,4,2.8,1.15,,
Kwak,KB35,19,22L,Final,29.83,1.06,4,2.7,1.08,,
Kwak,KB38,19,22L,Final,,,,,,,
Kwak,KB49,19,22L,Final,,,,,,,
Kwak,KB63,19,22L,Final,30.73,1.01,5,2.4,0.91,,
Kwak,KB68,19,22L,Final,24.95,0.68,3,1.6,0.65,,
Kwak,KG55,19,22L,Final,26.02,1.09,2,1.9,0.74,,
Pruth,PO36,19,22L,Final,30.91,0.9,1,3,1.32,,
Pruth,PO45,19,22L,Final,,,,,,,
Pruth,PO86,19,22L,Final,,,,,,,
Pruth,PY34,19,22L,Final,27.05,0.61,1,2.5,1.17,,
Pruth,PY36,19,22L,Final,,,,,,,
Pruth,PY73,19,22L,Final,,,,,,,
Pruth,PY76,19,22L,Final,32.37,0.96,1,3.5,1.45,,
Cedar,CB02,20,15L,Final,34.33,0.35,20,5.3,2.28,,
Cedar,CB05,20,15L,Final,31.44,0.38,19,4,1.89,,
Cedar,CB43,20,15L,Final,36.67,0.37,41,6.7,2.73,,
Cedar,CB61,20,15L,Final,33.77,0.31,22,6,2.75,,
Cedar,CB70,20,15L,Final,31.3,1.17,7,5.9,2.95,,
Cedar,CO37,20,15L,Final,27.92,0.29,23,2.6,1.12,,
Cedar,CY39,20,15L,Final,37.51,0.31,23,7.4,3.5,,
Heron,HG23,20,15L,Final,30.16,0.31,32,3.6,1.66,,
Heron,HG44,20,15L,Final,36.38,0.42,20,7.1,2.53,,
Heron,HG50,20,15L,Final,26.19,0.49,29,2.9,0.86,,
Heron,HG57,20,15L,Final,28.42,0.41,29,2.8,1.23,,
Heron,HW17,20,15L,Final,32.54,1.92,3,6.2,3.09,,
Heron,HW37,20,15L,Final,38.37,4.37,4,9.8,4.73,,
Heron,HW54,20,15L,Final,42.25,0.55,30,10.4,5.12,,
Kwak,KB21,20,15L,Final,39.92,0.2,40,5.5,1.85,,
Kwak,KB22,20,15L,Final,39.12,0.3,44,4.6,1.65,,
Kwak,KB24,20,15L,Final,29.58,0.3,54,4.8,1.56,,
Kwak,KB31,20,15L,Final,36.18,0.4,37,3.7,1.24,,
Kwak,KB65,20,15L,Final,38.73,0.4,53,4.9,1.65,,
Kwak,KB66,20,15L,Final,37.33,0.3,51,4.4,1.48,,
Kwak,KG70,20,15L,Final,39.14,0.2,46,4.3,1.41,,
Pruth,PO28,20,15L,Final,34.69,0.28,18,4,1.65,,
Pruth,PO34,20,15L,Final,42.43,0.19,60,5.8,1.83,,
Pruth,PO35,20,15L,Final,36.12,0.2,43,4.1,1.66,,
Pruth,PO65,20,15L,Final,29.9,0.28,21,2.6,1.05,,
Pruth,PO84,20,15L,Final,29.16,0.76,4,2.9,1.25,,
Pruth,PY11,20,15L,Final,35.33,0.34,44,3.7,1.42,,
Pruth,PY19,20,15L,Final,30.74,0.28,19,3.1,1.33,,
Cedar,CB04,21,15L,Final,32.41,0.46,17,5.2,2.41,,
Cedar,CB30,21,15L,Final,35.86,0.68,7,8,3.99,,
Cedar,CB91,21,15L,Final,30.26,0.24,33,3.7,1.55,,
Cedar,CB92,21,15L,Final,35.04,0.47,21,6.3,2.9,,
Cedar,CO12,21,15L,Final,34.47,0.59,9,6.9,3.32,,
Cedar,CO43,21,15L,Final,27.75,0.23,31,2.6,1.12,,
Cedar,CO93,21,15L,Final,33.5,0.3,32,5.8,2.6,,
Heron,HG51,21,15L,Final,25.74,0.57,3,2.6,1.25,,
Heron,HG60,21,15L,Final,28.27,0.44,38,3.1,1.3,,
Heron,HG76,21,15L,Final,36.51,0.54,32,6.4,2.83,,
Heron,HG92,21,15L,Final,29.98,0.35,19,4.8,2.24,,
Heron,HG94,21,15L,Final,33.92,0.4,31,4.7,1.99,,
Heron,HG95,21,15L,Final,35.26,0.72,22,5.9,2.64,,
Heron,HW65,21,15L,Final,40.89,4.58,2,9.7,4.57,,
Kwak,KB12,21,15L,Final,39.33,0.66,31,5.6,1.84,,
Kwak,KB34,21,15L,Final,40.67,0.46,50,5.5,1.82,,
Kwak,KB78,21,15L,Final,35.19,0.29,41,4.3,1.36,,
Kwak,KB91,21,15L,Final,35.79,0.41,31,4,1.48,,
Kwak,KG59,21,15L,Final,44.38,0.14,53,6.6,2.05,,
Kwak,KG86,21,15L,Final,37.62,0.2,39,4.6,1.46,,
Kwak,KG94,21,15L,Final,35.6,0.28,33,4,1.38,,
Pruth,PO26,21,15L,Final,36.28,0.46,30,4.2,1.66,,
Pruth,PO59,21,15L,Final,33.02,0.56,20,3.6,1.47,,
Pruth,PY13,21,15L,Final,34.32,0.21,20,4.3,1.61,,
Pruth,PY54,21,15L,Final,29.03,0.27,8,3.5,1.49,,
Pruth,PY56,21,15L,Final,35.67,0.29,20,4.4,1.68,,
Pruth,PY69,21,15L,Final,34.51,0.21,27,3.8,1.41,,
Pruth,PY94,21,15L,Final,36.94,0.21,22,4.8,1.72,,
Cedar,CB37,22,22L,Final,31.61,4.27,3,5.1,2.31,,
Cedar,CB56,22,22L,Final,28.4,2.89,0,4,1.92,,
Cedar,CB76,22,22L,Final,29.76,3.42,0,4.5,2.26,,
Cedar,CB95,22,22L,Final,21.97,2.51,0,2.3,1.08,,
Cedar,CO02,22,22L,Final,34.97,3.55,0,6.5,3.24,,
Cedar,CO25,22,22L,Final,30.05,3.33,0,4.6,2.18,,
Cedar,CO47,22,22L,Final,23.23,3.06,0,2.6,1.23,,
Heron,HG46,22,22L,Final,,,,,,,
Heron,HG58,22,22L,Final,20.22,2.7,1,1.8,0.85,,
Heron,HW21,22,22L,Final,,,,,,,
Heron,HW66,22,22L,Final,,,,,,,
Heron,HW79,22,22L,Final,38.78,3.82,2,9.1,4.59,,
Heron,HW80,22,22L,Final,33.06,3.18,1,6.4,3.1,,
Heron,HW86,22,22L,Final,33.36,3.01,1,4.8,2.37,,
Kwak,KB30,22,22L,Final,,,,,,,
Kwak,KB40,22,22L,Final,24.67,0.48,2,1.6,0.55,,
Kwak,KB58,22,22L,Final,28.51,0.41,7,2.4,0.84,,
Kwak,KB71,22,22L,Final,23.09,0.7,1,1.3,0.42,,
Kwak,KB80,22,22L,Final,32.11,0.47,9,2.9,1.04,,
Kwak,KG58,22,22L,Final,,,,,,,
Kwak,KG72,22,22L,Final,,,,,,,
Pruth,PO31,22,22L,Final,,,,,,,
Pruth,PO42,22,22L,Final,,,,,,,
Pruth,PO87,22,22L,Final,,,,,,,
Pruth,PY27,22,22L,Final,,,,,,,
Pruth,PY28,22,22L,Final,,,,,,,
Pruth,PY68,22,22L,Final,30.84,1.01,5,3.8,1.58,,
Pruth,PY71,22,22L,Final,,,,,,,
Cedar,CB32,23,22L,Final,29.37,3.32,2,4.5,2.29,,
Cedar,CB46,23,22L,Final,31.08,0.98,1,4.7,2.26,,
Cedar,CB78,23,22L,Final,24.64,2.86,2,,,,
Cedar,CO07,23,22L,Final,22.35,2.96,0,2.1,1.15,,
Cedar,CO16,23,22L,Final,24.91,3.26,0,,,,
Cedar,CO29,23,22L,Final,19.37,2.77,0,1.5,0.75,,
Cedar,CO41,23,22L,Final,19.42,2.58,0,1.4,0.74,,
Heron,HG93,23,22L,Final,19.5,2.55,2,1.2,0.64,,
Heron,HG98,23,22L,Final,31.29,3.41,1,,,,
Heron,HW03,23,22L,Final,30.17,3.88,2,4.8,2.45,,
Heron,HW39,23,22L,Final,,,,,,,
Heron,HW68,23,22L,Final,37.46,4.37,2,9,4.67,,
Heron,HW73,23,22L,Final,39.67,3.69,0,,,,
Heron,HW75,23,22L,Final,22.29,2.77,3,2,0.96,,
Kwak,KB43,23,22L,Final,28.03,0.91,2,2.4,0.93,,
Kwak,KB79,23,22L,Final,,,,,,,
Kwak,KB96,23,22L,Final,39.02,0.5,51,,,,
Kwak,KG53,23,22L,Final,25.71,0.8,1,,,,
Kwak,KG63,23,22L,Final,23.62,0.9,1,1.3,0.58,,
Kwak,KG79,23,22L,Final,,,,,,,
Kwak,KG89,23,22L,Final,,,,,,,
Pruth,PO09,23,22L,Final,,,,,,,
Pruth,PO29,23,22L,Final,29.83,0.89,7,3.2,1.35,,
Pruth,PO37,23,22L,Final,30.64,1.96,1,3.5,1.53,,
Pruth,PO76,23,22L,Final,,,,,,,
Pruth,PO93,23,22L,Final,30.2,1.6,1,3.3,1.38,,
Pruth,PY05,23,22L,Final,,,,,,,
Pruth,PY77,23,22L,Final,,,,,,,
Cedar,CB33,24,22L,Final,36.29,2.82,4,6.8,3.36,,
Cedar,CB38,24,15L,Final,36.64,0.83,9,8,3.79,,
Cedar,CB52,24,15L,Final,35.02,2.73,3,6.5,3.07,,
Cedar,CB86,24,15L,Final,29.46,1.94,4,4.8,2.34,,
Cedar,CO04,24,15L,Final,26.59,0.45,22,2.7,1.18,,
Cedar,CO08,24,15L,Final,34.67,0.48,34,6,2.65,,
Cedar,CY40,24,15L,Final,23.37,0.35,32,1.6,0.75,,
Heron,HG72,24,15L,Final,32.51,0.68,10,6.7,3.39,,
Heron,HW08,24,15L,Final,28.81,0.52,12,4.4,2.08,,
Heron,HW46,24,15L,Final,31.98,0.55,25,5.6,2.54,,
Heron,HW62,24,15L,Final,23.47,0.4,25,1.9,0.8,,
Heron,HW63,24,15L,Final,27.32,0.5,36,2.6,1.16,,
Heron,HW83,24,15L,Final,36.74,0.32,28,6,2.72,,
Heron,HY37,24,15L,Final,39.92,0.7,14,8.5,4.04,,
Kwak,KB45,24,15L,Final,35.86,0.56,50,4.5,1.38,,
Kwak,KB69,24,15L,Final,41.62,0.4,59,5.6,1.69,,
Kwak,KB86,24,15L,Final,36.43,0.32,51,4.1,1.35,,
Kwak,KG14,24,15L,Final,32.81,0.55,21,4,1.33,,
Kwak,KG17,24,15L,Final,38.05,0.32,30,4.3,1.49,,
Kwak,KG64,24,15L,Final,34.03,0.21,40,4.2,1.42,,
Kwak,KG96,24,15L,Final,39.02,0.5,51,4.8,1.38,,
Pruth,PO12,24,15L,Final,35.98,0.2,18,4.5,1.75,,
Pruth,PO63,24,15L,Final,31.09,0.47,14,3.4,1.32,,
Pruth,PO73,24,15L,Final,35.58,0.5,38,4.8,1.76,,
Pruth,PO88,24,15L,Final,29.92,1.43,6,4,1.73,,
Pruth,PO99,24,15L,Final,36.5,0.43,26,4.9,1.95,,
Pruth,PY04,24,15L,Final,33.72,0.3,20,3.6,1.39,,
Pruth,PY90,24,15L,Final,34.46,0.38,27,4.4,1.71,,