Date,Stage,Days_diff,SR,SP,OR,OS,Block,ID,L,Th,TW,SW,SG,DIED,OSTRINA,Notes,,,Legend,
04-09-2019,Init,1,Nanaimo,CEDAR,Nanaimo,Cedar,B,CG81,18.04,2.05,10.2,0.6,,0,0,,,,,
08-02-2019,Final,137,Nanaimo,CEDAR,Calvert,Pruth,R,CG04,51.83,4.71,17.56,8.96,51,0,0,,,,,
08-04-2019,Final,139,Nanaimo,CEDAR,Calvert,Kwak,O,CG10,40.95,3.79,13.25,7.02,14,0,0,,,,,
06-04-2019,Mid,78,Nanaimo,CEDAR,Calvert,Pruth,R,CG04,47.42,3.93,13.18,6.55,32,0,0,,,,,
06-05-2019,Mid,79,Nanaimo,CEDAR,Calvert,Kwak,O,CG10,40.79,3.5,13.04,6.86,14,0,0,,,,,
08-02-2019,Final,137,Nanaimo,CEDAR,Calvert,Pruth,B,CG26,41.81,4.78,12.91,6.89,28,0,0,,,,,
08-02-2019,Final,137,Nanaimo,CEDAR,Calvert,Pruth,B,CG32,43.03,4.85,12.6,6.58,21,0,0,,,,,
08-02-2019,Final,137,Nanaimo,CEDAR,Calvert,Pruth,Y,CG13,45.03,2.99,12.37,6.49,40,0,0,,,,,
08-02-2019,Final,137,Nanaimo,CEDAR,Calvert,Pruth,B,CG17,43.12,4.34,12.28,6.29,36,0,0,,,,,
08-02-2019,Final,137,Nanaimo,CEDAR,Calvert,Pruth,R,CG43,44.85,3.96,12.21,6.36,32,0,0,,,,,
08-04-2019,Final,139,Nanaimo,CEDAR,Calvert,Kwak,O,CG05,44.19,3.39,11.57,5.93,41,0,0,,,,,
06-04-2019,Mid,78,Nanaimo,CEDAR,Calvert,Pruth,B,CG26,38.71,4.21,11.2,5.85,19,0,0,,,,,
06-05-2019,Mid,79,Nanaimo,CEDAR,Calvert,Kwak,B,CG34,42.2,4.37,10.94,5.45,8,0,0,,,,,
08-04-2019,Final,139,Nanaimo,CEDAR,Calvert,Kwak,B,CG34,42.19,4.27,10.86,5.57,8,0,0,,,,,
03-19-2019,Init,1,Nanaimo,CEDAR,Calvert,Kwak,O,CG10,38.37,1.82,10.6,5.47,,0,0,,,,,
08-02-2019,Final,137,Nanaimo,CEDAR,Calvert,Pruth,Y,CG09,38.74,4.33,10.34,5.41,18,0,0,,,,,
08-02-2019,Final,137,Nanaimo,CEDAR,Calvert,Pruth,R,CG19,40.34,4.04,10.26,5.51,31,0,0,,,,,
06-04-2019,Mid,78,Nanaimo,CEDAR,Calvert,Pruth,R,CG43,43.05,3.51,10.25,5.4,22,0,0,,,,,
08-04-2019,Final,139,Nanaimo,CEDAR,Calvert,Kwak,R,CG12,39.62,4.25,10.17,5.38,18,0,0,,,,,
06-04-2019,Mid,78,Nanaimo,CEDAR,Calvert,Pruth,B,CG17,39.32,3.63,9.98,4.99,25,0,0,,,,,
06-04-2019,Mid,78,Nanaimo,CEDAR,Calvert,Pruth,B,CG32,39.2,4.19,9.93,5.17,11,0,0,,,,,
08-12-2019,Final,126,Nanaimo,CEDAR,Nanaimo,Heron,O,CG71,38.78,2.3,9.55,5.12,38,0,0,,,,,
06-05-2019,Mid,79,Nanaimo,CEDAR,Calvert,Kwak,R,CG12,38.75,2.99,9.38,4.88,13,0,0,,,,,
08-04-2019,Final,139,Nanaimo,CEDAR,Calvert,Kwak,Y,CG22,37.42,3.47,9.34,4.92,12,0,0,,,,,
08-02-2019,Final,137,Nanaimo,CEDAR,Calvert,Pruth,Y,CG28,39,3.21,9.32,5.02,36,0,0,,,,,
06-04-2019,Mid,78,Nanaimo,CEDAR,Calvert,Pruth,Y,CG09,38.41,3.54,9.16,4.72,11,0,0,,,,,
08-04-2019,Final,139,Nanaimo,CEDAR,Calvert,Kwak,Y,CG23,39.86,2.39,8.89,4.74,5,0,0,,,,,
06-05-2019,Mid,79,Nanaimo,CEDAR,Calvert,Kwak,Y,CG22,36.85,3.42,8.87,4.6,8,0,0,,,,,
06-05-2019,Mid,79,Nanaimo,CEDAR,Calvert,Kwak,Y,CG23,40.03,2.44,8.87,4.67,6,0,0,,,,,
08-02-2019,Final,137,Nanaimo,CEDAR,Calvert,Pruth,Y,CG25,38.56,2.74,8.87,4.55,39,0,0,,,,,
03-19-2019,Init,1,Nanaimo,CEDAR,Calvert,Kwak,B,CG34,41.02,1.62,8.85,4.23,,0,0,,,,,
08-04-2019,Final,139,Nanaimo,CEDAR,Calvert,Kwak,O,CG02,37.5,3.93,8.65,4.51,15,0,0,,,,,
06-04-2019,Mid,78,Nanaimo,CEDAR,Calvert,Pruth,Y,CG13,38.54,3.76,8.54,4.49,14,0,0,,,,,
06-05-2019,Mid,79,Nanaimo,CEDAR,Calvert,Kwak,O,CG05,39.18,3.72,8.37,4.2,21,0,0,,,,,
08-02-2019,Final,137,Nanaimo,CEDAR,Calvert,Pruth,O,CG06,36.98,3.29,8.18,4.32,15,0,0,,,,,
03-19-2019,Init,1,Nanaimo,CEDAR,Calvert,Pruth,B,CG32,38.31,1.87,8.14,4.18,,0,0,,,,,
06-04-2019,Mid,78,Nanaimo,CEDAR,Calvert,Pruth,R,CG19,37.42,3.88,8.09,4.18,17,0,0,,,,,
03-19-2019,Init,1,Nanaimo,CEDAR,Calvert,Pruth,B,CG26,35.93,2.29,8.07,4.31,,0,0,,,,,
08-02-2019,Final,137,Nanaimo,CEDAR,Calvert,Pruth,B,CG21,37.36,3.77,8.02,4.25,31,0,0,,,,,
03-19-2019,Init,1,Nanaimo,CEDAR,Calvert,Kwak,Y,CG23,39.46,1.75,7.93,4.12,,0,0,,,,,
03-19-2019,Init,1,Nanaimo,CEDAR,Calvert,Pruth,R,CG04,39.83,1.44,7.76,3.86,,0,0,,,,,
06-05-2019,Mid,79,Nanaimo,CEDAR,Calvert,Kwak,O,CG02,36.29,3.67,7.6,3.91,10,0,0,,,,,
08-04-2019,Final,139,Nanaimo,CEDAR,Calvert,Kwak,B,CG24,36.43,2.76,7.59,3.96,10,0,0,,,,,
06-17-2019,Mid,70,Nanaimo,CEDAR,Nanaimo,Heron,O,CG71,35.78,3.27,7.44,,21,0,0,,,,,
08-02-2019,Final,137,Nanaimo,CEDAR,Calvert,Pruth,O,CG16,34.82,3.86,7.42,3.93,8,0,0,,,,,
03-19-2019,Init,1,Nanaimo,CEDAR,Calvert,Pruth,Y,CG09,36.85,1.36,7.4,3.76,,0,0,,,,,
08-02-2019,Final,137,Nanaimo,CEDAR,Calvert,Pruth,R,CG30,35.9,3.43,7.39,4.01,38,0,0,,,,,
08-04-2019,Final,139,Nanaimo,CEDAR,Calvert,Kwak,R,CG14,36.9,2.57,7.37,3.85,8,0,0,,,,,
08-04-2019,Final,139,Nanaimo,CEDAR,Calvert,Kwak,Y,CG35,36.22,2.84,7.35,3.93,19,0,0,,,,,
08-02-2019,Final,137,Nanaimo,CEDAR,Calvert,Pruth,O,CG44,35.03,3.49,7.32,3.9,35,0,0,,,,,
06-05-2019,Mid,79,Nanaimo,CEDAR,Calvert,Kwak,R,CG14,37.05,2.5,7.25,3.69,7,0,0,,,,,
08-04-2019,Final,139,Nanaimo,CEDAR,Calvert,Kwak,R,CG01,33.01,3.19,7.25,3.88,19,0,0,,,,,
03-19-2019,Init,1,Nanaimo,CEDAR,Calvert,Kwak,R,CG12,36.64,1.92,7.22,3.78,,0,0,,,,,
08-04-2019,Final,139,Nanaimo,CEDAR,Calvert,Kwak,O,CG41,33.61,3.67,7.14,3.77,12,0,0,,,,,
08-12-2019,Final,126,Nanaimo,CEDAR,Nanaimo,Heron,Y,CG98,33.39,3.19,7.1,3.91,30,0,0,,,,,
08-04-2019,Final,139,Nanaimo,CEDAR,Calvert,Kwak,B,CG11,36.95,2.78,7.08,3.66,6,0,0,,,,,
03-19-2019,Init,1,Nanaimo,CEDAR,Calvert,Kwak,Y,CG22,35.53,2.14,7.05,3.78,,0,0,,,,,
03-19-2019,Init,1,Nanaimo,CEDAR,Calvert,Pruth,R,CG43,36.44,1.54,7.04,3.63,,0,0,,,,,
06-04-2019,Mid,78,Nanaimo,CEDAR,Calvert,Pruth,B,CG21,35.39,3.03,7.03,3.66,29,0,0,,,,,
08-12-2019,Final,126,Nanaimo,CEDAR,Nanaimo,Heron,O,CG95,33.49,2.37,6.93,3.76,38,0,0,,,,,
06-05-2019,Mid,79,Nanaimo,CEDAR,Calvert,Kwak,O,CG41,33.68,3.35,6.88,3.6,12,0,0,,,,,
08-04-2019,Final,139,Nanaimo,CEDAR,Calvert,Kwak,R,CG38,34.44,2.99,6.88,3.56,28,0,0,,,,,
06-05-2019,Mid,79,Nanaimo,CEDAR,Calvert,Kwak,Y,CG35,34.75,2.79,6.78,3.54,15,0,0,,,,,
06-04-2019,Mid,78,Nanaimo,CEDAR,Calvert,Pruth,Y,CG28,33.68,3.79,6.74,3.43,18,0,0,,,,,
06-05-2019,Mid,79,Nanaimo,CEDAR,Calvert,Kwak,B,CG24,34.47,2.83,6.73,3.45,5,0,0,,,,,
06-05-2019,Mid,79,Nanaimo,CEDAR,Calvert,Kwak,B,CG11,36.33,3.06,6.65,3.32,2,0,0,,,,,
06-04-2019,Mid,78,Nanaimo,CEDAR,Calvert,Pruth,O,CG06,34.15,3.37,6.57,3.47,2,0,0,,,,,
08-02-2019,Final,137,Nanaimo,CEDAR,Calvert,Pruth,R,CG27,33.15,3.36,6.52,3.52,38,0,0,,,,,
08-04-2019,Final,139,Nanaimo,CEDAR,Calvert,Kwak,Y,CG48,32.61,3.38,6.51,3.48,14,0,0,,,,,
06-04-2019,Mid,78,Nanaimo,CEDAR,Calvert,Pruth,Y,CG25,33.77,3.25,6.47,3.2,22,0,0,,,,,
03-19-2019,Init,1,Nanaimo,CEDAR,Calvert,Pruth,Y,CG13,35.71,2.01,6.46,3.4,,0,0,,,,,
06-05-2019,Mid,79,Nanaimo,CEDAR,Calvert,Kwak,B,CG31,33.97,2.7,6.42,3.39,0,0,0,,,,,
08-04-2019,Final,139,Nanaimo,CEDAR,Calvert,Kwak,B,CG31,33.87,2.71,6.4,3.44,1,0,0,,,,,
06-05-2019,Mid,79,Nanaimo,CEDAR,Calvert,Kwak,R,CG01,31.77,2.68,6.33,3.31,10,0,0,,,,,
03-19-2019,Init,1,Nanaimo,CEDAR,Calvert,Pruth,B,CG17,34.54,1.72,6.31,3.21,,0,0,,,,,
06-04-2019,Mid,78,Nanaimo,CEDAR,Calvert,Pruth,O,CG16,33.37,2.87,6.28,3.39,0,0,0,,,,,
03-19-2019,Init,1,Nanaimo,CEDAR,Calvert,Pruth,O,CG06,34.51,2.08,6.27,3.23,,0,0,,,,,
06-05-2019,Mid,79,Nanaimo,CEDAR,Calvert,Kwak,O,CG15,31.23,2.28,6.15,3.32,8,0,0,,,,,
06-05-2019,Mid,79,Nanaimo,CEDAR,Calvert,Kwak,Y,CG48,32.15,2.91,6.14,3.3,12,0,0,,,,,
03-19-2019,Init,1,Nanaimo,CEDAR,Calvert,Kwak,B,CG24,30.84,1.99,6.11,2.8,,0,0,,,,,
08-04-2019,Final,139,Nanaimo,CEDAR,Calvert,Kwak,O,CG15,31.19,2.7,6.11,3.32,9,0,0,,,,,
03-19-2019,Init,1,Nanaimo,CEDAR,Calvert,Pruth,R,CG19,33.53,2.56,6.08,3.13,,0,0,,,,,
03-19-2019,Init,1,Nanaimo,CEDAR,Calvert,Kwak,R,CG14,35.83,1.39,6.07,3.1,,0,0,,,,,
03-19-2019,Init,1,Nanaimo,CEDAR,Calvert,Kwak,B,CG31,34.2,1.89,6.06,3.2,,0,0,,,,,
03-19-2019,Init,1,Nanaimo,CEDAR,Calvert,Pruth,O,CG16,33.55,1.93,6.01,3.16,,0,0,,,,,
03-19-2019,Init,1,Nanaimo,CEDAR,Calvert,Kwak,O,CG02,34.64,1.6,5.97,3,,0,0,,,,,
03-19-2019,Init,1,Nanaimo,CEDAR,Calvert,Kwak,B,CG11,36.4,1.43,5.97,3.5,,0,0,,,,,
08-04-2019,Final,139,Nanaimo,CEDAR,Calvert,Kwak,R,CG36,30.38,3.18,5.79,3.24,5,0,0,,,,,
08-04-2019,Final,139,Nanaimo,CEDAR,Calvert,Kwak,Y,CG33,31.53,3.51,5.75,3.06,14,0,0,,,,,
08-12-2019,Final,126,Nanaimo,CEDAR,Nanaimo,Heron,O,CG70,30,3.52,5.75,3.13,13,0,0,,,,,
08-02-2019,Final,137,Nanaimo,CEDAR,Calvert,Pruth,Y,CG46,32.24,2.94,5.72,3.17,34,0,0,,,,,
08-02-2019,Final,137,Nanaimo,CEDAR,Calvert,Pruth,O,CG45,31.68,3.45,5.72,3.08,9,0,0,,,,,
03-19-2019,Init,1,Nanaimo,CEDAR,Calvert,Kwak,O,CG05,34.72,1.43,5.52,2.76,,0,0,,,,,
06-17-2019,Mid,70,Nanaimo,CEDAR,Nanaimo,Cedar,R,CG64,31.24,3.7,5.52,,8,0,0,,,,,
08-12-2019,Final,126,Nanaimo,CEDAR,Nanaimo,Heron,O,CG57,30.74,2.21,5.52,3.11,36,0,0,,,,,
08-12-2019,Final,126,Nanaimo,CEDAR,Nanaimo,Heron,Y,CG94,31.13,2.47,5.51,3.05,29,0,0,,,,,
08-02-2019,Final,137,Nanaimo,CEDAR,Calvert,Pruth,O,CG47,32.27,3.55,5.47,2.91,7,0,0,,,,,
08-12-2019,Final,126,Nanaimo,CEDAR,Nanaimo,Cedar,R,CG64,31.06,3.8,5.45,2.98,7,0,0,,,,,
06-05-2019,Mid,79,Nanaimo,CEDAR,Calvert,Kwak,R,CG36,30.51,2.71,5.42,3.02,0,0,0,,,,,
03-19-2019,Init,1,Nanaimo,CEDAR,Calvert,Kwak,R,CG36,30.73,2.25,5.4,2.9,,0,0,,,,,
06-04-2019,Mid,78,Nanaimo,CEDAR,Calvert,Pruth,R,CG30,32.34,3.36,5.38,2.88,22,0,0,,,,,
06-05-2019,Mid,79,Nanaimo,CEDAR,Calvert,Kwak,R,CG38,31.93,2.71,5.35,2.72,16,0,0,,,,,
03-19-2019,Init,1,Nanaimo,CEDAR,Calvert,Kwak,O,CG41,31.14,2.23,5.32,2.78,,0,0,,,,,
03-19-2019,Init,1,Nanaimo,CEDAR,Calvert,Kwak,O,CG15,29.74,2.91,5.25,2.77,,0,0,,,,,
08-12-2019,Final,126,Nanaimo,CEDAR,Nanaimo,Heron,O,CG60,29.86,2.12,5.25,2.86,33,0,0,,,,,
06-04-2019,Mid,78,Nanaimo,CEDAR,Calvert,Pruth,O,CG45,31.13,3.37,5.22,2.77,3,0,0,,,,,
06-17-2019,Mid,70,Nanaimo,CEDAR,Nanaimo,Heron,O,CG70,29.2,4.02,5.22,,6,0,0,,,,,
06-17-2019,Mid,70,Nanaimo,CEDAR,Nanaimo,Heron,Y,CG98,30,3.65,5.14,,13,0,0,,,,,
06-05-2019,Mid,79,Nanaimo,CEDAR,Calvert,Kwak,Y,CG33,30.61,2.67,5.11,2.71,12,0,0,,,,,
06-17-2019,Mid,70,Nanaimo,CEDAR,Nanaimo,Heron,O,CG95,30.2,3.52,5.11,,18,0,0,,,,,
08-02-2019,Final,137,Nanaimo,CEDAR,Calvert,Pruth,B,CG40,29.48,3.37,5.11,2.78,26,0,0,,,,,
08-04-2019,Final,139,Nanaimo,CEDAR,Calvert,Kwak,B,CG37,29.1,2.89,5.07,2.72,6,0,0,,,,,
04-09-2019,Init,1,Nanaimo,CEDAR,Nanaimo,Cedar,B,CG67,30.72,3.33,5.03,2.76,,0,0,,,,,
03-19-2019,Init,1,Nanaimo,CEDAR,Calvert,Kwak,Y,CG35,32.26,1.94,5,2.57,,0,0,,,,,
08-02-2019,Final,137,Nanaimo,CEDAR,Calvert,Pruth,O,CG07,29.59,3.41,5,2.73,16,0,0,,,,,
06-05-2019,Mid,79,Nanaimo,CEDAR,Calvert,Kwak,B,CG37,28.1,2.68,4.98,2.65,5,0,0,,,,,
04-09-2019,Init,1,Nanaimo,CEDAR,Nanaimo,Heron,O,CG71,31.78,2.7,4.96,2.65,,0,0,,,,,
06-17-2019,Mid,70,Nanaimo,CEDAR,Nanaimo,Heron,R,CG59,29.83,3.16,4.95,,14,0,0,,,,,
06-04-2019,Mid,78,Nanaimo,CEDAR,Calvert,Pruth,O,CG47,31.5,2.92,4.9,2.54,1,0,0,,,,,
03-19-2019,Init,1,Nanaimo,CEDAR,Calvert,Kwak,R,CG01,30.33,1.53,4.85,2.63,,0,0,,,,,
08-04-2019,Final,139,Nanaimo,CEDAR,Calvert,Kwak,R,CG08,29.51,2.56,4.83,2.66,18,0,0,,,,,
03-19-2019,Init,1,Nanaimo,CEDAR,Calvert,Pruth,Y,CG28,30.37,2.19,4.78,2.63,,0,0,,,,,
03-19-2019,Init,1,Nanaimo,CEDAR,Calvert,Pruth,O,CG45,30.86,1.71,4.77,2.56,,0,0,,,,,
06-17-2019,Mid,70,Nanaimo,CEDAR,Nanaimo,Heron,B,CG49,29.34,3.45,4.76,,11,0,0,,,,,
08-12-2019,Final,126,Nanaimo,CEDAR,Nanaimo,Heron,B,CG49,29.27,3.07,4.76,2.62,10,0,0,,,,,
08-12-2019,Final,126,Nanaimo,CEDAR,Nanaimo,Cedar,Y,CG55,28.91,4.08,4.63,2.48,10,0,0,,,,,
03-19-2019,Init,1,Nanaimo,CEDAR,Calvert,Pruth,O,CG47,31.66,1.51,4.61,2.45,,0,0,,,,,
04-09-2019,Init,1,Nanaimo,CEDAR,Nanaimo,Cedar,R,CG64,30.34,3.15,4.6,2.51,,0,0,,,,,
06-17-2019,Mid,70,Nanaimo,CEDAR,Nanaimo,Cedar,Y,CG55,29.23,3.84,4.6,,8,0,0,,,,,
03-19-2019,Init,1,Nanaimo,CEDAR,Calvert,Kwak,Y,CG48,30.32,2.19,4.59,2.53,,0,0,,,,,
06-04-2019,Mid,78,Nanaimo,CEDAR,Calvert,Pruth,O,CG44,28.99,3.07,4.59,2.45,12,0,0,,,,,
06-17-2019,Mid,70,Nanaimo,CEDAR,Nanaimo,Heron,R,CG88,27.94,3.22,4.52,,5,0,0,,,,,
06-17-2019,Mid,70,Nanaimo,CEDAR,Nanaimo,Cedar,Y,CG51,28.45,3.51,4.48,,7,0,0,,,,,
08-12-2019,Final,126,Nanaimo,CEDAR,Nanaimo,Cedar,Y,CG51,28.31,4.13,4.48,2.44,10,0,0,,,,,
08-12-2019,Final,126,Nanaimo,CEDAR,Nanaimo,Heron,B,CG52,28.05,3.09,4.48,2.53,27,0,0,,,,,
04-09-2019,Init,1,Nanaimo,CEDAR,Nanaimo,Heron,O,CG70,28.8,3.11,4.45,2.38,,0,0,,,,,
08-12-2019,Final,126,Nanaimo,CEDAR,Nanaimo,Heron,R,CG88,27.71,3.13,4.45,2.45,6,0,0,,,,,
06-04-2019,Mid,78,Nanaimo,CEDAR,Calvert,Pruth,R,CG27,29.28,3.43,4.43,2.4,22,0,0,,,,,
03-19-2019,Init,1,Nanaimo,CEDAR,Calvert,Kwak,B,CG37,28.73,2.04,4.37,2.36,,0,0,,,,,
08-04-2019,Final,139,Nanaimo,CEDAR,Calvert,Kwak,B,CG03,28.36,2.56,4.32,2.37,10,0,0,,,,,
08-12-2019,Final,126,Nanaimo,CEDAR,Nanaimo,Cedar,R,CG68,28,3.39,4.31,2.39,4,0,0,,,,,
06-17-2019,Mid,70,Nanaimo,CEDAR,Nanaimo,Cedar,R,CG68,28.84,3.4,4.3,,2,0,0,,,,,
04-09-2019,Init,1,Nanaimo,CEDAR,Nanaimo,Cedar,B,CG85,29.75,3,4.27,2.31,,0,0,,,,,
06-04-2019,Mid,78,Nanaimo,CEDAR,Calvert,Pruth,B,CG40,27.62,2.92,4.26,2.27,18,0,0,,,,,
08-12-2019,Final,126,Nanaimo,CEDAR,Nanaimo,Heron,Y,CG50,27.91,2.78,4.22,2.34,16,0,0,,,,,
03-19-2019,Init,1,Nanaimo,CEDAR,Calvert,Pruth,B,CG21,30.83,1.75,4.18,2.17,,0,0,,,,,
06-17-2019,Mid,70,Nanaimo,CEDAR,Nanaimo,Heron,Y,CG94,29.33,3.49,4.18,,10,0,0,,,,,
03-19-2019,Init,1,Nanaimo,CEDAR,Calvert,Kwak,Y,CG33,29.22,1.96,4.16,2.2,,0,0,,,,,
06-17-2019,Mid,70,Nanaimo,CEDAR,Nanaimo,Heron,Y,CG87,29.16,3.37,4.16,,8,0,0,,,,,
08-12-2019,Final,126,Nanaimo,CEDAR,Nanaimo,Heron,Y,CG87,29,3.49,4.16,2.29,10,0,0,,,,,
04-09-2019,Init,1,Nanaimo,CEDAR,Nanaimo,Cedar,R,CG68,28.6,3.13,4.07,2.22,,0,0,,,,,
06-05-2019,Mid,79,Nanaimo,CEDAR,Calvert,Kwak,B,CG03,28.12,2.38,4.06,2.22,8,0,0,,,,,
06-17-2019,Mid,70,Nanaimo,CEDAR,Nanaimo,Heron,O,CG57,26.83,3.36,4.05,,14,0,0,,,,,
04-09-2019,Init,1,Nanaimo,CEDAR,Nanaimo,Heron,R,CG88,27.87,2.98,4.03,2.21,,0,0,,,,,
04-09-2019,Init,1,Nanaimo,CEDAR,Nanaimo,Cedar,O,CG72,27.82,2.94,3.94,2.15,,0,0,,,,,
06-05-2019,Mid,79,Nanaimo,CEDAR,Calvert,Kwak,R,CG08,27.37,2.23,3.94,2.14,9,0,0,,,,,
03-19-2019,Init,1,Nanaimo,CEDAR,Calvert,Pruth,Y,CG25,29.31,1.81,3.9,3.01,,0,0,,,,,
06-05-2019,Mid,79,Nanaimo,CEDAR,Calvert,Kwak,Y,CG20,28.02,2.59,3.88,2.05,2,0,0,,,,,
08-04-2019,Final,139,Nanaimo,CEDAR,Calvert,Kwak,Y,CG20,27.8,2.69,3.86,2.06,2,0,0,,,,,
04-09-2019,Init,1,Nanaimo,CEDAR,Nanaimo,Heron,Y,CG98,27.84,2.6,3.85,2.11,,0,0,,,,,
06-17-2019,Mid,70,Nanaimo,CEDAR,Nanaimo,Cedar,B,CG85,28.99,3.6,3.85,,3,1,0,DEAD,,,,
06-04-2019,Mid,78,Nanaimo,CEDAR,Calvert,Pruth,Y,CG46,27.42,2.97,3.84,2.11,15,0,0,,,,,
03-19-2019,Init,1,Nanaimo,CEDAR,Calvert,Kwak,Y,CG20,28.06,2.37,3.81,1.96,,0,0,,,,,
06-17-2019,Mid,70,Nanaimo,CEDAR,Nanaimo,Cedar,O,CG86,27.22,2.91,3.81,,3,0,0,,,,,
08-02-2019,Final,137,Nanaimo,CEDAR,Calvert,Pruth,Y,CG18,27.95,2.53,3.79,2.07,17,0,0,,,,,
04-09-2019,Init,1,Nanaimo,CEDAR,Nanaimo,Heron,R,CG59,28.26,2.76,3.78,2,,0,0,,,,,
06-17-2019,Mid,70,Nanaimo,CEDAR,Nanaimo,Heron,O,CG60,27.02,3.09,3.78,,16,0,0,,,,,
08-02-2019,Final,137,Nanaimo,CEDAR,Calvert,Pruth,B,CG29,26.91,2.82,3.77,2.03,34,0,0,,,,,
04-09-2019,Init,1,Nanaimo,CEDAR,Nanaimo,Heron,B,CG49,28.06,2.01,3.76,2,,0,0,,,,,
08-12-2019,Final,126,Nanaimo,CEDAR,Nanaimo,Cedar,O,CG86,26.99,2.63,3.74,1.96,4,0,0,DIED IN THE SEATABLE (POST-EXPERIMENT),,,,
03-19-2019,Init,1,Nanaimo,CEDAR,Calvert,Kwak,R,CG38,28.55,1.85,3.73,1.94,,0,0,,,,,
06-04-2019,Mid,78,Nanaimo,CEDAR,Calvert,Pruth,R,CG42,28.41,3.06,3.73,2.01,8,0,0,,,,,
06-17-2019,Mid,70,Nanaimo,CEDAR,Nanaimo,Heron,Y,CG56,27.12,3.18,3.71,,8,0,0,,,,,
04-09-2019,Init,1,Nanaimo,CEDAR,Nanaimo,Cedar,Y,CG51,27.55,3.22,3.7,2.01,,0,0,,,,,
04-09-2019,Init,1,Nanaimo,CEDAR,Nanaimo,Cedar,Y,CG55,28.03,3.13,3.69,1.98,,0,0,,,,,
06-04-2019,Mid,78,Nanaimo,CEDAR,Calvert,Pruth,O,CG07,26.64,3.33,3.69,2.01,5,0,0,,,,,
06-17-2019,Mid,70,Nanaimo,CEDAR,Nanaimo,Cedar,O,CG72,27.74,3.06,3.65,,3,1,0,DEAD,,,,
06-17-2019,Mid,70,Nanaimo,CEDAR,Nanaimo,Heron,B,CG52,26.54,2.95,3.64,,15,0,0,,,,,
08-12-2019,Final,126,Nanaimo,CEDAR,Nanaimo,Heron,B,CG97,25.97,2.46,3.61,1.95,18,0,0,,,,,
06-17-2019,Mid,70,Nanaimo,CEDAR,Nanaimo,Cedar,O,CG58,28.03,3.39,3.6,,3,0,0,,,,,
08-12-2019,Final,126,Nanaimo,CEDAR,Nanaimo,Cedar,O,CG58,27.88,3.72,3.59,1.92,4,0,0,,,,,
04-09-2019,Init,1,Nanaimo,CEDAR,Nanaimo,Heron,R,CG65,26.21,3.93,3.57,1.96,,0,0,,,,,
06-17-2019,Mid,70,Nanaimo,CEDAR,Nanaimo,Heron,B,CG97,26.22,2.08,3.56,,17,0,0,,,,,
04-09-2019,Init,1,Nanaimo,CEDAR,Nanaimo,Cedar,O,CG86,27.32,2.13,3.53,1.83,,0,0,,,,,
08-12-2019,Final,126,Nanaimo,CEDAR,Nanaimo,Cedar,O,CG78,27.12,3.37,3.51,1.94,5,0,0,,,,,
04-09-2019,Init,1,Nanaimo,CEDAR,Nanaimo,Heron,O,CG95,26.9,3.14,3.49,1.93,,0,0,,,,,
03-19-2019,Init,1,Nanaimo,CEDAR,Calvert,Kwak,R,CG08,26.69,3.17,3.47,1.91,,0,0,,,,,
08-12-2019,Final,126,Nanaimo,CEDAR,Nanaimo,Cedar,R,CG62,26.09,3.45,3.47,1.88,6,0,0,,,,,
06-17-2019,Mid,70,Nanaimo,CEDAR,Nanaimo,Cedar,O,CG78,27.26,3.26,3.45,,3,0,0,,,,,
06-17-2019,Mid,70,Nanaimo,CEDAR,Nanaimo,Heron,Y,CG50,26.67,3.23,3.43,,6,0,0,,,,,
06-17-2019,Mid,70,Nanaimo,CEDAR,Nanaimo,Cedar,R,CG62,26.32,3.33,3.42,,5,0,0,,,,,
03-19-2019,Init,1,Nanaimo,CEDAR,Calvert,Pruth,O,CG44,26.97,2.05,3.41,1.83,,0,0,,,,,
04-09-2019,Init,1,Nanaimo,CEDAR,Nanaimo,Heron,Y,CG87,27.37,3.14,3.41,1.83,,0,0,,,,,
03-19-2019,Init,1,Nanaimo,CEDAR,Calvert,Kwak,B,CG03,26.69,2.36,3.38,1.84,,0,0,,,,,
04-09-2019,Init,1,Nanaimo,CEDAR,Nanaimo,Cedar,O,CG58,28.24,2.94,3.38,1.79,,0,0,,,,,
03-19-2019,Init,1,Nanaimo,CEDAR,Calvert,Pruth,R,CG30,27.91,2.11,3.37,1.83,,0,0,,,,,
03-19-2019,Init,1,Nanaimo,CEDAR,Calvert,Pruth,O,CG07,26.67,2.21,3.37,1.98,,0,0,,,,,
04-09-2019,Init,1,Nanaimo,CEDAR,Nanaimo,Cedar,O,CG63,26.19,3.29,3.3,1.59,,0,0,,,,,
04-09-2019,Init,1,Nanaimo,CEDAR,Nanaimo,Heron,Y,CG94,27.51,3.12,3.26,1.76,,0,0,,,,,
04-09-2019,Init,1,Nanaimo,CEDAR,Nanaimo,Cedar,O,CG78,27.28,2.98,3.22,1.78,,0,0,,,,,
08-12-2019,Final,126,Nanaimo,CEDAR,Nanaimo,Heron,B,CG79,24.48,2.93,3.21,1.83,21,0,0,,,,,
08-12-2019,Final,126,Nanaimo,CEDAR,Nanaimo,Cedar,R,CG99,26.21,3.11,3.2,1.77,11,0,0,,,,,
08-12-2019,Final,126,Nanaimo,CEDAR,Nanaimo,Heron,B,CG66,25.19,2.93,3.2,1.79,12,0,0,,,,,
06-04-2019,Mid,78,Nanaimo,CEDAR,Calvert,Pruth,Y,CG18,26.26,2.57,3.18,1.75,9,0,0,,,,,
06-17-2019,Mid,70,Nanaimo,CEDAR,Nanaimo,Cedar,R,CG99,26.37,2.85,3.17,,11,0,0,,,,,
04-09-2019,Init,1,Nanaimo,CEDAR,Nanaimo,Heron,Y,CG56,25.61,3.02,3.16,1.7,,0,0,,,,,
03-19-2019,Init,1,Nanaimo,CEDAR,Calvert,Pruth,R,CG42,27.46,2.28,3.14,1.55,,0,0,,,,,
06-17-2019,Mid,70,Nanaimo,CEDAR,Nanaimo,Cedar,O,CG63,25.98,3.24,3.11,,0,0,0,,,,,
04-09-2019,Init,1,Nanaimo,CEDAR,Nanaimo,Cedar,R,CG62,25.75,2.91,3.07,1.67,,0,0,,,,,
06-17-2019,Mid,70,Nanaimo,CEDAR,Nanaimo,Heron,B,CG79,24.73,2.61,3.03,,17,0,0,,,,,
06-17-2019,Mid,70,Nanaimo,CEDAR,Nanaimo,Heron,R,CG61,22.74,2.82,2.98,,10,0,0,,,,,
08-12-2019,Final,126,Nanaimo,CEDAR,Nanaimo,Heron,R,CG61,22.67,3.02,2.98,1.07,13,0,0,,,,,
04-09-2019,Init,1,Nanaimo,CEDAR,Nanaimo,Heron,Y,CG50,25.88,3.23,2.97,1.61,,0,0,,,,,
04-09-2019,Init,1,Nanaimo,CEDAR,Nanaimo,Cedar,B,CG96,26.13,2.58,2.81,1.48,,0,0,,,,,
03-19-2019,Init,1,Nanaimo,CEDAR,Calvert,Pruth,B,CG40,24.92,2.47,2.8,1.52,,0,0,,,,,
06-17-2019,Mid,70,Nanaimo,CEDAR,Nanaimo,Heron,R,CG84,23.1,3.09,2.8,,18,0,0,,,,,
04-09-2019,Init,1,Nanaimo,CEDAR,Nanaimo,Heron,O,CG57,24.97,3.04,2.79,1.53,,0,0,,,,,
08-12-2019,Final,126,Nanaimo,CEDAR,Nanaimo,Heron,R,CG84,22.93,3.4,2.79,1.6,17,0,0,,,,,
06-17-2019,Mid,70,Nanaimo,CEDAR,Nanaimo,Cedar,Y,CG53,24.73,3.12,2.78,,0,0,0,,,,,
04-09-2019,Init,1,Nanaimo,CEDAR,Nanaimo,Cedar,Y,CG53,24.93,2.75,2.73,1.5,,0,0,,,,,
06-17-2019,Mid,70,Nanaimo,CEDAR,Nanaimo,Heron,B,CG66,24.16,2.71,2.72,,6,0,0,,,,,
08-12-2019,Final,126,Nanaimo,CEDAR,Nanaimo,Cedar,O,CG77,23.07,3.27,2.72,1.44,6,0,0,,,,,
08-12-2019,Final,126,Nanaimo,CEDAR,Nanaimo,Heron,B,CG80,22.86,2.75,2.7,1.5,21,0,0,,,,,
06-17-2019,Mid,70,Nanaimo,CEDAR,Nanaimo,Cedar,Y,CG54,23.69,3.2,2.69,,4,0,0,,,,,
03-19-2019,Init,1,Nanaimo,CEDAR,Calvert,Pruth,Y,CG46,24.27,2.53,2.68,1.49,,0,0,,,,,
08-12-2019,Final,126,Nanaimo,CEDAR,Nanaimo,Cedar,Y,CG54,23.58,3.1,2.67,1.44,1,0,0,,,,,
04-09-2019,Init,1,Nanaimo,CEDAR,Nanaimo,Cedar,B,CG89,24.47,2.6,2.65,1.44,,0,0,,,,,
03-19-2019,Init,1,Nanaimo,CEDAR,Calvert,Pruth,R,CG27,24.87,2.55,2.64,1.46,,0,0,,,,,
06-17-2019,Mid,70,Nanaimo,CEDAR,Nanaimo,Cedar,O,CG77,23.28,3.31,2.63,,5,0,0,,,,,
08-12-2019,Final,126,Nanaimo,CEDAR,Nanaimo,Cedar,Y,CG53,24.64,3.3,2.63,1.49,0,0,0,,,,,
06-17-2019,Mid,70,Nanaimo,CEDAR,Nanaimo,Cedar,R,CG73,23.18,2.59,2.6,,11,0,0,,,,,
08-12-2019,Final,126,Nanaimo,CEDAR,Nanaimo,Cedar,R,CG73,23.05,2.52,2.6,1.42,11,0,0,,,,,
03-19-2019,Init,1,Nanaimo,CEDAR,Calvert,Pruth,Y,CG18,24.51,2.35,2.53,1.39,,0,0,,,,,
04-09-2019,Init,1,Nanaimo,CEDAR,Nanaimo,Cedar,R,CG99,24.57,2.81,2.49,1.38,,0,0,,,,,
04-09-2019,Init,1,Nanaimo,CEDAR,Nanaimo,Heron,O,CG60,23.8,2.35,2.49,1.34,,0,0,,,,,
04-09-2019,Init,1,Nanaimo,CEDAR,Nanaimo,Cedar,Y,CG54,23.72,2.83,2.48,1.34,,0,0,,,,,
04-09-2019,Init,1,Nanaimo,CEDAR,Nanaimo,Heron,B,CG52,23.92,2.88,2.45,1.36,,0,0,,,,,
06-04-2019,Mid,78,Nanaimo,CEDAR,Calvert,Pruth,B,CG29,23.51,2.29,2.43,1.29,20,0,0,,,,,
08-12-2019,Final,126,Nanaimo,CEDAR,Nanaimo,Heron,O,CG90,23.16,2.32,2.42,1.33,25,0,0,,,,,
04-09-2019,Init,1,Nanaimo,CEDAR,Nanaimo,Heron,R,CG61,22.53,2.55,2.4,1.31,,0,0,,,,,
04-09-2019,Init,1,Nanaimo,CEDAR,Nanaimo,Heron,B,CG66,24.3,2.86,2.39,1.3,,0,0,,,,,
04-09-2019,Init,1,Nanaimo,CEDAR,Nanaimo,Cedar,O,CG77,23.54,3.03,2.32,1.28,,0,0,,,,,
04-09-2019,Init,1,Nanaimo,CEDAR,Nanaimo,Heron,B,CG97,22.61,2.73,2.32,1.27,,0,0,,,,,
06-17-2019,Mid,70,Nanaimo,CEDAR,Nanaimo,Heron,B,CG80,22.83,2.58,2.32,,15,0,0,,,,,
04-09-2019,Init,1,Nanaimo,CEDAR,Nanaimo,Cedar,R,CG73,21.66,2.76,1.96,1.07,,0,0,,,,,
04-09-2019,Init,1,Nanaimo,CEDAR,Nanaimo,Heron,B,CG79,22.2,2.61,1.96,1.07,,0,0,,,,,
08-12-2019,Final,126,Nanaimo,CEDAR,Nanaimo,Cedar,Y,CG82,21.39,2.22,1.92,1.06,15,0,0,,,,,
04-09-2019,Init,1,Nanaimo,CEDAR,Nanaimo,Heron,R,CG84,20.95,2.44,1.9,1.02,,0,0,,,,,
08-12-2019,Final,126,Nanaimo,CEDAR,Nanaimo,Cedar,R,CG75,21.12,2.46,1.8,0.96,8,0,0,,,,,
06-17-2019,Mid,70,Nanaimo,CEDAR,Nanaimo,Heron,Y,CG76,20.72,2.43,1.74,,8,0,0,DROPPED ITS SHELL OVERNIGHT :( SO DIDN'T RETURN,,,,
06-17-2019,Mid,70,Nanaimo,CEDAR,Nanaimo,Cedar,Y,CG82,20.95,2.24,1.72,,9,0,0,,,,,
04-09-2019,Init,1,Nanaimo,CEDAR,Nanaimo,Cedar,Y,CG74,21.62,2.59,1.7,0.92,,0,0,,,,,
06-17-2019,Mid,70,Nanaimo,CEDAR,Nanaimo,Cedar,Y,CG74,21.19,2.76,1.69,,0,0,0,,,,,
06-17-2019,Mid,70,Nanaimo,CEDAR,Nanaimo,Cedar,R,CG75,21.21,2.35,1.67,,5,0,0,,,,,
06-17-2019,Mid,70,Nanaimo,CEDAR,Nanaimo,Heron,O,CG90,20.88,2.26,1.65,,13,0,0,,,,,
08-12-2019,Final,126,Nanaimo,CEDAR,Nanaimo,Cedar,Y,CG74,21.13,2.6,1.64,0.86,0,0,0,,,,,
03-19-2019,Init,1,Nanaimo,CEDAR,Calvert,Pruth,B,CG29,18.99,2.42,1.58,0.67,,0,0,,,,,
04-09-2019,Init,1,Nanaimo,CEDAR,Nanaimo,Cedar,B,CG69,21.3,2.22,1.58,0.86,,0,0,,,,,
06-17-2019,Mid,70,Nanaimo,CEDAR,Nanaimo,Heron,R,CG83,19.13,1.89,1.52,,7,0,0,,,,,
04-09-2019,Init,1,Nanaimo,CEDAR,Nanaimo,Heron,B,CG80,20.01,2.64,1.48,0.8,,0,0,,,,,
04-09-2019,Init,1,Nanaimo,CEDAR,Nanaimo,Cedar,R,CG75,20.55,2.34,1.41,0.77,,0,0,,,,,
04-09-2019,Init,1,Nanaimo,CEDAR,Nanaimo,Cedar,Y,CG82,20.43,2.48,1.33,0.72,,0,0,,,,,
04-09-2019,Init,1,Nanaimo,CEDAR,Nanaimo,Heron,Y,CG76,19.46,2.25,1.3,0.72,,0,0,,,,,
04-09-2019,Init,1,Nanaimo,CEDAR,Nanaimo,Heron,R,CG83,18.21,2.08,1.26,0.69,,0,0,,,,,
03-19-2019,Init,1,Nanaimo,CEDAR,Calvert,Kwak,O,CG39,17.96,2.61,1.13,0.6,,0,0,,,,,
04-09-2019,Init,1,Nanaimo,CEDAR,Nanaimo,Heron,O,CG90,18.51,2.27,1.07,0.58,,0,0,,,,,
06-17-2019,Mid,70,Nanaimo,CEDAR,Calvert,,,CG**,,,,,,1,0,DIED HERMIT CRAB,,,,
06-17-2019,Mid,70,Nanaimo,CEDAR,Nanaimo,Cedar,B,CG67,,,,,,1,0,DIED HERMIT CRAB,,,,
06-17-2019,Mid,70,Nanaimo,CEDAR,Nanaimo,Cedar,B,CG89,,,,,,1,0,DIED HERMIT CRAB,,,,
06-17-2019,Mid,70,Nanaimo,CEDAR,Nanaimo,Cedar,B,CG69,,,,,,1,0,DIED HERMIT CRAB,,,,
06-17-2019,Mid,70,Nanaimo,CEDAR,Nanaimo,Heron,R,CG65,,,,,,1,0,DIED HERMIT CRAB,,,,
08-12-2019,Final,126,Nanaimo,CEDAR,Nanaimo,Cedar,O,CG63,,,,,,1,0,DIED HERMIT CRAB,,,,
08-12-2019,Final,126,Nanaimo,CEDAR,Nanaimo,Heron,R,CG83,,,,,,1,0,DIED HERMIT CRAB,,,,
08-12-2019,Final,126,Nanaimo,CEDAR,Nanaimo,Heron,R,CG59,,,,,,1,0,DIED,,,,
08-12-2019,Final,126,Nanaimo,CEDAR,Nanaimo,Heron,Y,CG56,,,,,,1,0,DIED HERMIT CRAB,,,,
08-02-2019,Final,137,Nanaimo,HERON,Calvert,Pruth,O,HB21,44.9,4.5,14.77,7.54,41,0,0,,,,,
08-02-2019,Final,137,Nanaimo,HERON,Calvert,Pruth,O,HB42,42.36,4.39,13.66,7.23,45,0,0,,,,,
08-02-2019,Final,137,Nanaimo,HERON,Calvert,Pruth,R,HB20,43.15,3.8,11.53,5.83,37,0,0,,,,,
08-02-2019,Final,137,Nanaimo,HERON,Calvert,Pruth,B,HB03,41.08,5.27,11.44,6.04,31,0,0,,,,,
08-04-2019,Final,139,Nanaimo,HERON,Calvert,Kwak,O,HB17,42.32,3.79,10.82,5.63,40,0,0,,,,,
06-04-2019,Mid,78,Nanaimo,HERON,Calvert,Pruth,O,HB21,40.99,3.2,10.8,5.47,36,0,0,,,,,
08-02-2019,Final,137,Nanaimo,HERON,Calvert,Pruth,Y,HB19,39.28,4.31,10.66,5.5,29,0,0,,,,,
08-02-2019,Final,137,Nanaimo,HERON,Calvert,Pruth,O,HB09,40.89,4.06,10.4,5.4,45,0,0,,,,,
08-02-2019,Final,137,Nanaimo,HERON,Calvert,Pruth,O,HB25,41.17,3.83,10.36,,38,0,0,,,,,
08-12-2019,Final,126,Nanaimo,HERON,Nanaimo,Heron,O,HB55,40.18,2.63,10.33,5.37,27,0,0,,,,,
06-04-2019,Mid,78,Nanaimo,HERON,Calvert,Pruth,O,HB42,38.23,3.6,10.21,5.36,29,0,0,,,,,
08-02-2019,Final,137,Nanaimo,HERON,Calvert,Pruth,R,HB47,39.64,3.74,10.14,5.21,24,0,0,,,,,
08-02-2019,Final,137,Nanaimo,HERON,Calvert,Pruth,Y,HB40,40.62,2.99,9.56,5.02,34,0,0,,,,,
08-02-2019,Final,137,Nanaimo,HERON,Calvert,Pruth,R,HB38,39.71,3.58,9.55,4.97,22,0,0,,,,,
08-02-2019,Final,137,Nanaimo,HERON,Calvert,Pruth,R,HB41,39.56,3.38,9.4,4.95,28,0,0,,,,,
06-04-2019,Mid,78,Nanaimo,HERON,Calvert,Pruth,B,HB03,38.57,4.06,9.2,4.76,22,0,0,,,,,
08-02-2019,Final,137,Nanaimo,HERON,Calvert,Pruth,B,HB11,38.63,4.12,8.88,4.49,37,0,0,,,,,
08-12-2019,Final,126,Nanaimo,HERON,Nanaimo,Heron,Y,HB65,46.48,3.57,8.84,4.61,33,0,0,,,,,
08-02-2019,Final,137,Nanaimo,HERON,Calvert,Pruth,O,HB32,40.04,3.85,8.65,4.54,53,0,0,,,,,
06-04-2019,Mid,78,Nanaimo,HERON,Calvert,Pruth,Y,HB19,36.5,3.66,8.59,4.35,19,0,0,,,,,
08-04-2019,Final,139,Nanaimo,HERON,Calvert,Kwak,O,HB28,38.4,4.03,8.44,4.41,16,0,0,,,,,
06-17-2019,Mid,70,Nanaimo,HERON,Nanaimo,Heron,O,HB55,37.77,4.23,8.31,,13,0,0,,,,,
06-04-2019,Mid,78,Nanaimo,HERON,Calvert,Pruth,O,HB25,38.37,3.57,7.96,4.04,26,0,0,,,,,
06-04-2019,Mid,78,Nanaimo,HERON,Calvert,Pruth,O,HB09,37.72,3.75,7.9,4.03,34,0,0,,,,,
08-12-2019,Final,126,Nanaimo,HERON,Nanaimo,Heron,B,HB58,36.21,4.02,7.79,4.09,15,0,0,,,,,
06-04-2019,Mid,78,Nanaimo,HERON,Calvert,Pruth,R,HB20,37.56,4.07,7.7,3.95,9,0,0,,,,,
08-02-2019,Final,137,Nanaimo,HERON,Calvert,Pruth,Y,HB10,36.6,3.48,7.66,3.97,17,0,0,,,,,
08-02-2019,Final,137,Nanaimo,HERON,Calvert,Pruth,R,HB35,35.93,3.2,7.47,3.97,35,0,0,,,,,
08-02-2019,Final,137,Nanaimo,HERON,Calvert,Pruth,B,HB43,37.61,4,7.47,3.8,35,0,0,,,,,
06-04-2019,Mid,78,Nanaimo,HERON,Calvert,Pruth,R,HB47,35.51,3.62,7.46,3.82,6,0,0,,,,,
06-05-2019,Mid,79,Nanaimo,HERON,Calvert,Kwak,O,HB17,35.57,3.06,7.39,3.75,10,0,0,,,,,
08-12-2019,Final,126,Nanaimo,HERON,Nanaimo,Heron,R,HB87,33.56,3.59,7.37,4.03,22,0,0,,,,,
06-17-2019,Mid,70,Nanaimo,HERON,Nanaimo,Heron,B,HB58,35.65,4.45,7.35,,12,0,0,,,,,
08-04-2019,Final,139,Nanaimo,HERON,Calvert,Kwak,Y,HB01,34.7,3.3,7.31,3.8,7,0,0,,,,,
06-05-2019,Mid,79,Nanaimo,HERON,Calvert,Kwak,Y,HB01,34.64,3.59,7.28,3.85,6,0,0,,,,,
08-04-2019,Final,139,Nanaimo,HERON,Calvert,Kwak,Y,HB36,34.8,3.01,7.27,3.86,6,0,0,,,,,
06-05-2019,Mid,79,Nanaimo,HERON,Calvert,Kwak,O,HB28,36.39,3.75,7.21,3.57,6,0,0,,,,,
08-04-2019,Final,139,Nanaimo,HERON,Calvert,Kwak,B,HB29,35.84,2.62,7.21,3.68,6,0,0,,,,,
06-05-2019,Mid,79,Nanaimo,HERON,Calvert,Kwak,Y,HB27,35.23,3.34,7.19,3.81,6,0,0,,,,,
06-05-2019,Mid,79,Nanaimo,HERON,Calvert,Kwak,B,HB29,35.41,2.67,7.17,3.58,3,0,0,,,,,
06-17-2019,Mid,70,Nanaimo,HERON,Nanaimo,Cedar,R,HB92,36.1,3.66,7.15,,9,0,0,,,,,
08-04-2019,Final,139,Nanaimo,HERON,Calvert,Kwak,Y,HB27,34.92,3.33,7.15,3.82,6,0,0,,,,,
08-04-2019,Final,139,Nanaimo,HERON,Calvert,Kwak,O,HB44,35.16,3.42,7.14,3.71,7,0,0,,,,,
06-05-2019,Mid,79,Nanaimo,HERON,Calvert,Kwak,O,HB44,35.26,3.41,7.11,3.57,6,0,0,,,,,
08-02-2019,Final,137,Nanaimo,HERON,Calvert,Pruth,O,HB30,34.54,3.05,7.11,3.83,43,0,0,,,,,
08-02-2019,Final,137,Nanaimo,HERON,Calvert,Pruth,Y,HB46,37.18,3.1,7.09,3.66,28,0,0,,,,,
04-09-2019,Init,1,Nanaimo,HERON,Nanaimo,Heron,O,HB55,35.8,1.71,6.93,3.5,,0,0,,,,,
06-04-2019,Mid,78,Nanaimo,HERON,Calvert,Pruth,R,HB38,35.75,3.76,6.9,2.03,15,0,0,,,,,
06-04-2019,Mid,78,Nanaimo,HERON,Calvert,Pruth,B,HB11,35.58,3.3,6.88,3.38,26,0,0,,,,,
03-19-2019,Init,1,Nanaimo,HERON,Calvert,Pruth,O,HB42,31.25,4.52,6.87,3.6,,0,0,,,,,
06-04-2019,Mid,78,Nanaimo,HERON,Calvert,Pruth,R,HB41,34.33,3.79,6.84,3.63,9,0,0,,,,,
06-17-2019,Mid,70,Nanaimo,HERON,Nanaimo,Heron,R,HB87,33.67,3.19,6.79,,19,0,0,,,,,
08-12-2019,Final,126,Nanaimo,HERON,Nanaimo,Cedar,O,HB59,33.14,4.52,6.77,3.52,13,0,0,,,,,
03-19-2019,Init,1,Nanaimo,HERON,Calvert,Kwak,B,HB29,35.09,2.41,6.72,3.28,,0,0,,,,,
06-04-2019,Mid,78,Nanaimo,HERON,Calvert,Pruth,Y,HB40,33.48,3.89,6.71,3.56,9,0,0,,,,,
06-17-2019,Mid,70,Nanaimo,HERON,Nanaimo,Cedar,R,HB89,34.53,3.96,6.71,,8,0,0,,,,,
06-05-2019,Mid,79,Nanaimo,HERON,Calvert,Kwak,Y,HB36,34.07,2.49,6.69,3.44,0,0,0,,,,,
06-17-2019,Mid,70,Nanaimo,HERON,Nanaimo,Cedar,Y,HB98,33.45,4.23,6.69,,7,0,0,,,,,
08-12-2019,Final,126,Nanaimo,HERON,Nanaimo,Heron,O,HB75,32.84,3.14,6.68,3.49,26,0,0,,,,,
06-17-2019,Mid,70,Nanaimo,HERON,Nanaimo,Heron,Y,HB65,44,3.88,6.64,,19,0,0,,,,,
06-05-2019,Mid,79,Nanaimo,HERON,Calvert,Kwak,R,HB22,32.18,3.27,6.6,3.36,16,0,0,,,,,
08-04-2019,Final,139,Nanaimo,HERON,Calvert,Kwak,R,HB22,31.99,2.98,6.48,3.43,13,0,0,,,,,
03-19-2019,Init,1,Nanaimo,HERON,Calvert,Pruth,R,HB47,34.13,1.44,6.47,3.32,,0,0,,,,,
08-04-2019,Final,139,Nanaimo,HERON,Calvert,Kwak,O,HB24,35.34,3.06,6.43,3.35,31,0,0,,,,,
08-02-2019,Final,137,Nanaimo,HERON,Calvert,Pruth,Y,HB23,34.9,3.22,6.42,3.33,4,0,0,,,,,
08-12-2019,Final,126,Nanaimo,HERON,Nanaimo,Cedar,O,HB53,36.6,4.25,6.42,3.22,7,0,0,,,,,
03-19-2019,Init,1,Nanaimo,HERON,Calvert,Kwak,Y,HB36,34.86,1.64,6.38,3.18,,0,0,,,,,
03-19-2019,Init,1,Nanaimo,HERON,Calvert,Kwak,Y,HB01,33.66,2.08,6.37,3.08,,0,0,,,,,
08-12-2019,Final,126,Nanaimo,HERON,Nanaimo,Cedar,B,HB91,33.78,4.17,6.37,3.23,5,0,0,,,,,
03-19-2019,Init,1,Nanaimo,HERON,Calvert,Kwak,Y,HB27,34.07,1.62,6.35,3.29,,0,0,,,,,
03-19-2019,Init,1,Nanaimo,HERON,Calvert,Pruth,Y,HB19,33.14,1.72,6.35,3.13,,0,0,,,,,
06-17-2019,Mid,70,Nanaimo,HERON,Nanaimo,Cedar,Y,HB67,33.66,3.7,6.35,,12,0,0,,,,,
06-17-2019,Mid,70,Nanaimo,HERON,Nanaimo,Cedar,B,HB91,34.2,4.06,6.3,,4,0,0,,,,,
03-19-2019,Init,1,Nanaimo,HERON,Calvert,Pruth,B,HB03,33.66,1.45,6.23,3.15,,0,0,,,,,
06-17-2019,Mid,70,Nanaimo,HERON,Nanaimo,Cedar,O,HB53,36.64,4.09,6.2,,5,0,0,,,,,
08-02-2019,Final,137,Nanaimo,HERON,Calvert,Pruth,B,HB26,32.59,3.69,6.19,3.23,17,0,0,,,,,
03-19-2019,Init,1,Nanaimo,HERON,Calvert,Pruth,O,HB21,33.24,1.72,6.18,3.26,,0,0,,,,,
08-12-2019,Final,126,Nanaimo,HERON,Nanaimo,Heron,Y,HB79,31.35,2.29,6.14,3.25,25,0,0,,,,,
08-02-2019,Final,137,Nanaimo,HERON,Calvert,Pruth,B,HB37,34.32,3.44,6.09,3.21,30,0,0,,,,,
08-12-2019,Final,126,Nanaimo,HERON,Nanaimo,Heron,Y,HB84,31.9,3.06,6.09,3.23,11,0,0,,,,,
06-17-2019,Mid,70,Nanaimo,HERON,Nanaimo,Heron,R,HB94,33.07,3.78,6.08,,10,0,0,,,,,
08-04-2019,Final,139,Nanaimo,HERON,Calvert,Kwak,R,HB48,33.95,2.8,6.07,3.24,18,0,0,,,,,
06-04-2019,Mid,78,Nanaimo,HERON,Calvert,Pruth,Y,HB23,34.14,2.6,6.06,3.18,3,0,0,,,,,
08-12-2019,Final,126,Nanaimo,HERON,Nanaimo,Heron,R,HB94,32.74,3.94,6.06,3.16,12,0,0,,,,,
06-05-2019,Mid,79,Nanaimo,HERON,Calvert,Kwak,R,HB48,34.07,2.61,6.05,3.15,17,0,0,,,,,
03-19-2019,Init,1,Nanaimo,HERON,Calvert,Kwak,O,HB28,35.12,1.36,6,2.99,,0,0,,,,,
03-19-2019,Init,1,Nanaimo,HERON,Calvert,Kwak,O,HB17,33.54,1.74,5.92,3.08,,0,0,,,,,
03-19-2019,Init,1,Nanaimo,HERON,Calvert,Kwak,O,HB44,33.93,1.18,5.91,2.96,,0,0,,,,,
04-09-2019,Init,1,Nanaimo,HERON,Nanaimo,Heron,B,HB58,34.3,2.08,5.89,3.02,,0,0,,,,,
08-02-2019,Final,137,Nanaimo,HERON,Calvert,Pruth,Y,HB05,34.23,3.35,5.88,3.09,17,0,0,,,,,
06-04-2019,Mid,78,Nanaimo,HERON,Calvert,Pruth,O,HB32,34.81,3.05,5.86,3.03,31,0,0,,,,,
06-04-2019,Mid,78,Nanaimo,HERON,Calvert,Pruth,Y,HB10,32.75,2.83,5.85,2.96,2,0,0,,,,,
03-19-2019,Init,1,Nanaimo,HERON,Calvert,Pruth,Y,HB23,34.12,1.68,5.83,3.05,,0,0,,,,,
06-17-2019,Mid,70,Nanaimo,HERON,Nanaimo,Heron,O,HB75,32.32,3.15,5.83,,19,0,0,,,,,
03-19-2019,Init,1,Nanaimo,HERON,Calvert,Pruth,R,HB20,33.98,1.51,5.8,2.75,,0,0,,,,,
06-04-2019,Mid,78,Nanaimo,HERON,Calvert,Pruth,B,HB43,34.47,3.56,5.8,2.92,26,0,0,,,,,
03-19-2019,Init,1,Nanaimo,HERON,Calvert,Pruth,Y,HB40,33.17,1.48,5.78,3.03,,0,0,,,,,
06-17-2019,Mid,70,Nanaimo,HERON,Nanaimo,Cedar,Y,HB68,32.67,3.36,5.77,,6,0,0,,,,,
08-12-2019,Final,126,Nanaimo,HERON,Nanaimo,Cedar,Y,HB68,32.46,3.4,5.75,3,8,0,0,,,,,
04-09-2019,Init,1,Nanaimo,HERON,Nanaimo,Cedar,R,HB92,33.91,2.2,5.72,2.88,,0,0,,,,,
03-19-2019,Init,1,Nanaimo,HERON,Calvert,Pruth,R,HB41,31.71,3.61,5.69,2.97,,0,0,,,,,
06-04-2019,Mid,78,Nanaimo,HERON,Calvert,Pruth,R,HB35,32.9,3.66,5.68,3.94,21,0,0,,,,,
08-12-2019,Final,126,Nanaimo,HERON,Nanaimo,Heron,B,HB93,32.19,4.96,5.64,2.99,11,0,0,,,,,
04-09-2019,Init,1,Nanaimo,HERON,Nanaimo,Cedar,Y,HB98,32.94,1.86,5.61,2.73,,0,0,,,,,
08-12-2019,Final,126,Nanaimo,HERON,Nanaimo,Cedar,R,HB57,32.64,4.05,5.57,2.71,8,0,0,,,,,
04-09-2019,Init,1,Nanaimo,HERON,Nanaimo,Cedar,R,HB89,33.65,2.49,5.55,2.73,,0,0,,,,,
06-17-2019,Mid,70,Nanaimo,HERON,Nanaimo,Heron,B,HB93,32.53,4.01,5.55,,10,0,0,,,,,
06-17-2019,Mid,70,Nanaimo,HERON,Nanaimo,Heron,Y,HB84,31.44,3.93,5.53,,6,0,0,,,,,
03-19-2019,Init,1,Nanaimo,HERON,Calvert,Pruth,Y,HB10,32.75,1.35,5.52,2.86,,0,0,,,,,
06-17-2019,Mid,70,Nanaimo,HERON,Nanaimo,Cedar,R,HB57,32.74,4.09,5.44,,7,0,0,,,,,
06-17-2019,Mid,70,Nanaimo,HERON,Nanaimo,Heron,R,HB95,32.22,3.6,5.41,,12,0,0,,,,,
04-09-2019,Init,1,Nanaimo,HERON,Nanaimo,Cedar,B,HB91,33.84,1.86,5.4,2.66,,0,0,,,,,
06-04-2019,Mid,78,Nanaimo,HERON,Calvert,Pruth,B,HB26,31.28,2.9,5.36,2.74,12,0,0,,,,,
04-09-2019,Init,1,Nanaimo,HERON,Nanaimo,Cedar,O,HB53,36.32,1.33,5.34,2.51,,0,0,,,,,
08-12-2019,Final,126,Nanaimo,HERON,Nanaimo,Heron,R,HB95,31.79,3.52,5.33,2.81,12,0,0,,,,,
04-09-2019,Init,1,Nanaimo,HERON,Nanaimo,Cedar,Y,HB68,32.03,1.92,5.3,2.74,,0,0,,,,,
06-04-2019,Mid,78,Nanaimo,HERON,Calvert,Pruth,Y,HB05,33.83,3.06,5.29,2.72,11,0,0,,,,,
04-09-2019,Init,1,Nanaimo,HERON,Nanaimo,Cedar,O,HB59,31.97,1.82,5.23,3.33,,0,0,,,,,
08-12-2019,Final,126,Nanaimo,HERON,Nanaimo,Heron,Y,HB77,29.82,2.96,5.23,2.88,28,0,0,,,,,
06-04-2019,Mid,78,Nanaimo,HERON,Calvert,Pruth,Y,HB46,32.97,3.89,5.12,2.59,12,0,0,,,,,
08-04-2019,Final,139,Nanaimo,HERON,Calvert,Kwak,B,HB02,32,3.1,5.12,2.78,24,0,0,,,,,
08-12-2019,Final,126,Nanaimo,HERON,Nanaimo,Heron,O,HB73,30.18,3.38,5.12,2.71,8,0,0,,,,,
04-09-2019,Init,1,Nanaimo,HERON,Nanaimo,Cedar,Y,HB67,31.66,1.89,5.11,2.62,,0,0,,,,,
08-02-2019,Final,137,Nanaimo,HERON,Calvert,Pruth,B,HB33,32.1,3.22,5.11,2.7,35,0,0,,,,,
03-19-2019,Init,1,Nanaimo,HERON,Calvert,Pruth,R,HB38,32.17,1.57,5.09,2.7,,0,0,,,,,
06-17-2019,Mid,70,Nanaimo,HERON,Nanaimo,Heron,R,HB49,31.62,3.45,5.09,,11,0,0,,,,,
08-12-2019,Final,126,Nanaimo,HERON,Nanaimo,Heron,R,HB49,31.31,3.67,5.07,2.7,12,0,0,,,,,
08-12-2019,Final,126,Nanaimo,HERON,Nanaimo,Heron,B,HB51,36.57,3.64,5.06,2.63,8,0,0,,,,,
06-17-2019,Mid,70,Nanaimo,HERON,Nanaimo,Heron,Y,HB79,29.95,3.5,5.03,,14,0,0,,,,,
06-17-2019,Mid,70,Nanaimo,HERON,Nanaimo,Heron,O,HB73,30.12,3.44,4.99,,5,0,0,,,,,
06-17-2019,Mid,70,Nanaimo,HERON,Nanaimo,Heron,O,HB81,30.35,3.45,4.97,,6,0,0,DIDN'T RECORD SW FOR THE NANAIMO SNAILS MID EXPERIMENT AS CONTAINER LEAKED SO COULDN'T RECORD SUBMERSED WEIGHT :( ,,,,
06-04-2019,Mid,78,Nanaimo,HERON,Calvert,Pruth,B,HB37,32.21,3.15,4.96,2.57,22,0,0,,,,,
08-04-2019,Final,139,Nanaimo,HERON,Calvert,Kwak,R,HB06,30.93,3.01,4.9,2.53,20,0,0,,,,,
08-12-2019,Final,126,Nanaimo,HERON,Nanaimo,Heron,Y,HB52,29.59,3.06,4.88,,6,0,0,SHELL DROPPED,,,,
03-19-2019,Init,1,Nanaimo,HERON,Calvert,Pruth,O,HB25,31.35,1.38,4.86,2.58,,0,0,,,,,
04-09-2019,Init,1,Nanaimo,HERON,Nanaimo,Heron,R,HB94,31.38,2.11,4.86,2.51,,0,0,,,,,
08-12-2019,Final,126,Nanaimo,HERON,Nanaimo,Heron,B,HB97,29.45,3.61,4.82,2.49,11,0,0,,,,,
08-02-2019,Final,137,Nanaimo,HERON,Calvert,Pruth,R,HB45,30.88,3.31,4.81,2.5,23,0,0,,,,,
08-12-2019,Final,126,Nanaimo,HERON,Nanaimo,Heron,O,HB74,29.74,2.64,4.81,2.63,26,0,0,,,,,
04-09-2019,Init,1,Nanaimo,HERON,Nanaimo,Heron,Y,HB84,31.32,1.96,4.8,2.51,,0,0,,,,,
08-12-2019,Final,126,Nanaimo,HERON,Nanaimo,Cedar,B,HB85,30.08,4.16,4.77,2.52,5,0,0,,,,,
06-17-2019,Mid,70,Nanaimo,HERON,Nanaimo,Cedar,B,HB85,30.4,4.08,4.75,,5,0,0,,,,,
06-17-2019,Mid,70,Nanaimo,HERON,Nanaimo,Heron,Y,HB52,29.91,3.06,4.72,,3,0,0,,,,,
06-04-2019,Mid,78,Nanaimo,HERON,Calvert,Pruth,O,HB30,30.01,3.49,4.7,2.69,24,0,0,,,,,
04-09-2019,Init,1,Nanaimo,HERON,Nanaimo,Heron,R,HB87,29.79,2.65,4.69,2.54,,0,0,,,,,
08-04-2019,Final,139,Nanaimo,HERON,Calvert,Kwak,O,HB08,29.69,2.65,4.63,2.49,16,0,0,,,,,
06-17-2019,Mid,70,Nanaimo,HERON,Nanaimo,Heron,B,HB97,29.5,3.57,4.54,,6,0,0,,,,,
08-04-2019,Final,139,Nanaimo,HERON,Calvert,Kwak,O,HB04,29.35,3.03,4.53,2.41,20,0,0,,,,,
03-19-2019,Init,1,Nanaimo,HERON,Calvert,Kwak,R,HB22,28.51,1.85,4.51,2.36,,0,0,,,,,
08-04-2019,Final,139,Nanaimo,HERON,Calvert,Kwak,B,HB15,30.99,2.52,4.44,2.24,5,0,0,,,,,
04-09-2019,Init,1,Nanaimo,HERON,Nanaimo,Cedar,R,HB57,31.76,1.64,4.43,2.19,,0,0,,,,,
06-05-2019,Mid,79,Nanaimo,HERON,Calvert,Kwak,O,HB24,30.63,2.35,4.39,2.24,11,0,0,,,,,
04-09-2019,Init,1,Nanaimo,HERON,Nanaimo,Heron,Y,HB65,39.93,1.78,4.38,3.38,,0,0,,,,,
04-09-2019,Init,1,Nanaimo,HERON,Nanaimo,Heron,B,HB93,30.82,1.61,4.36,2.14,,0,0,,,,,
06-17-2019,Mid,70,Nanaimo,HERON,Nanaimo,Cedar,R,HB61,32.71,3.51,4.36,,2,0,0,,,,,
06-05-2019,Mid,79,Nanaimo,HERON,Calvert,Kwak,B,HB15,30.9,2.5,4.32,2.11,4,0,0,,,,,
03-19-2019,Init,1,Nanaimo,HERON,Calvert,Pruth,O,HB09,30.27,1.46,4.31,2.23,,0,0,,,,,
08-12-2019,Final,126,Nanaimo,HERON,Nanaimo,Heron,R,HB88,28.82,3.72,4.31,2.24,6,0,0,,,,,
04-09-2019,Init,1,Nanaimo,HERON,Nanaimo,Heron,O,HB73,29.67,2.24,4.29,2.23,,0,0,,,,,
06-17-2019,Mid,70,Nanaimo,HERON,Nanaimo,Cedar,R,HB50,27.48,3.52,4.28,,9,0,0,,,,,
04-09-2019,Init,1,Nanaimo,HERON,Nanaimo,Heron,Y,HB52,29.66,1.49,4.26,2.18,,0,0,,,,,
03-19-2019,Init,1,Nanaimo,HERON,Calvert,Pruth,B,HB11,29.96,2.16,4.18,2.05,,0,0,,,,,
06-17-2019,Mid,70,Nanaimo,HERON,Nanaimo,Heron,Y,HB77,28.47,3.08,4.18,,19,0,0,,,,,
03-19-2019,Init,1,Nanaimo,HERON,Calvert,Kwak,R,HB48,34.18,1.81,4.17,2.22,,0,0,,,,,
04-09-2019,Init,1,Nanaimo,HERON,Nanaimo,Cedar,O,HB96,30.14,1.94,4.15,2.11,,0,0,,,,,
08-04-2019,Final,139,Nanaimo,HERON,Calvert,Kwak,R,HB16,28.61,3.3,4.15,2.23,22,0,0,,,,,
03-19-2019,Init,1,Nanaimo,HERON,Calvert,Pruth,B,HB26,28.67,1.74,4.11,2.12,,0,0,,,,,
06-17-2019,Mid,70,Nanaimo,HERON,Nanaimo,Heron,R,HB88,28.96,3.98,4.11,,5,0,0,,,,,
08-04-2019,Final,139,Nanaimo,HERON,Calvert,Kwak,B,HB34,39.88,2.11,4.1,2.15,2,0,0,,,,,
06-05-2019,Mid,79,Nanaimo,HERON,Calvert,Kwak,R,HB16,28.77,3.01,4.09,2.12,22,0,0,,,,,
08-12-2019,Final,126,Nanaimo,HERON,Nanaimo,Heron,B,HB71,27.3,3.62,4.08,2.16,10,0,0,,,,,
04-09-2019,Init,1,Nanaimo,HERON,Nanaimo,Heron,R,HB49,30.27,2.05,4.07,2.17,,0,0,,,,,
04-09-2019,Init,1,Nanaimo,HERON,Nanaimo,Heron,B,HB51,31.11,0.83,4.06,2.03,,0,0,,,,,
04-09-2019,Init,1,Nanaimo,HERON,Nanaimo,Cedar,O,HB69,30.8,1.13,4.05,2.07,,0,0,,,,,
04-09-2019,Init,1,Nanaimo,HERON,Nanaimo,Heron,R,HB95,30.48,2.22,4.04,2.02,,0,0,,,,,
06-05-2019,Mid,79,Nanaimo,HERON,Calvert,Kwak,R,HB06,28.88,2.8,4.04,2.02,11,0,0,,,,,
06-05-2019,Mid,79,Nanaimo,HERON,Calvert,Kwak,B,HB34,29.8,1.94,4.02,2.06,0,0,0,,,,,
03-19-2019,Init,1,Nanaimo,HERON,Calvert,Pruth,Y,HB05,31.43,1.49,4.01,2.17,,0,0,,,,,
06-04-2019,Mid,78,Nanaimo,HERON,Calvert,Pruth,R,HB45,29.92,3.09,4.01,2.1,16,0,0,,,,,
04-09-2019,Init,1,Nanaimo,HERON,Nanaimo,Cedar,R,HB61,32.63,1.51,4,1.97,,0,0,,,,,
03-19-2019,Init,1,Nanaimo,HERON,Calvert,Pruth,Y,HB46,30.55,1.61,3.98,2,,0,0,,,,,
06-17-2019,Mid,70,Nanaimo,HERON,Nanaimo,Heron,B,HB71,27.54,3.52,3.98,,7,0,0,,,,,
06-04-2019,Mid,78,Nanaimo,HERON,Calvert,Pruth,B,HB33,29.81,2.31,3.93,3.63,25,0,0,,,,,
06-05-2019,Mid,79,Nanaimo,HERON,Calvert,Kwak,B,HB07,29.08,2.78,3.93,1.99,5,0,0,,,,,
06-17-2019,Mid,70,Nanaimo,HERON,Nanaimo,Cedar,Y,HB63,27.65,3.24,3.92,,7,0,0,,,,,
08-04-2019,Final,139,Nanaimo,HERON,Calvert,Kwak,B,HB07,28.84,2.82,3.88,1.97,6,0,0,,,,,
06-17-2019,Mid,70,Nanaimo,HERON,Nanaimo,Cedar,R,HB56,29.12,3.07,3.87,,10,0,0,,,,,
04-09-2019,Init,1,Nanaimo,HERON,Nanaimo,Cedar,B,HB85,29.85,1.74,3.86,1.99,,0,0,,,,,
08-12-2019,Final,126,Nanaimo,HERON,Nanaimo,Heron,R,HB78,28.27,3.34,3.84,2.02,14,0,0,,,,,
03-19-2019,Init,1,Nanaimo,HERON,Calvert,Kwak,B,HB15,29.66,1.56,3.81,1.86,,0,0,,,,,
06-17-2019,Mid,70,Nanaimo,HERON,Nanaimo,Heron,R,HB78,28.36,3.47,3.81,,10,0,0,,,,,
03-19-2019,Init,1,Nanaimo,HERON,Calvert,Kwak,B,HB34,29.89,1.97,3.79,1.95,,0,0,,,,SR,Source region
06-05-2019,Mid,79,Nanaimo,HERON,Calvert,Kwak,O,HB08,27.77,2.11,3.79,2.02,8,0,0,,,,,
04-09-2019,Init,1,Nanaimo,HERON,Nanaimo,Heron,O,HB75,27.98,1.42,3.77,1.89,,0,0,,,,,
03-19-2019,Init,1,Nanaimo,HERON,Calvert,Pruth,R,HB35,28.29,1.88,3.73,1.95,,0,0,,,,,
06-05-2019,Mid,79,Nanaimo,HERON,Calvert,Kwak,B,HB02,27.26,2.86,3.66,1.95,5,0,0,,,,,
06-17-2019,Mid,70,Nanaimo,HERON,Nanaimo,Heron,O,HB74,27.25,3.09,3.62,,13,0,0,,,,,
04-09-2019,Init,1,Nanaimo,HERON,Nanaimo,Heron,B,HB97,28.4,2.48,3.58,1.79,,0,0,,,,,
04-09-2019,Init,1,Nanaimo,HERON,Nanaimo,Heron,Y,HB79,27.28,1.73,3.54,1.75,,0,0,,,,,
04-09-2019,Init,1,Nanaimo,HERON,Nanaimo,Heron,R,HB88,28.59,1.62,3.53,1.77,,0,0,,,,,
08-04-2019,Final,139,Nanaimo,HERON,Calvert,Kwak,R,HB18,29.29,2.9,3.48,1.84,26,0,0,,,,,
06-17-2019,Mid,70,Nanaimo,HERON,Nanaimo,Cedar,O,HB90,27.06,3.2,3.47,,3,0,0,,,,,
06-17-2019,Mid,70,Nanaimo,HERON,Nanaimo,Cedar,Y,HB76,25.72,3.35,3.47,,14,0,0,,,,,
06-17-2019,Mid,70,Nanaimo,HERON,Nanaimo,Heron,Y,HB83,26.31,2.8,3.47,,7,0,0,,,,,
06-05-2019,Mid,79,Nanaimo,HERON,Calvert,Kwak,O,HB04,26.21,2.83,3.46,1.81,6,0,0,,,,,
04-09-2019,Init,1,Nanaimo,HERON,Nanaimo,Cedar,R,HB50,26.29,1.43,3.45,1.82,,0,0,,,,,
08-12-2019,Final,126,Nanaimo,HERON,Nanaimo,Cedar,Y,HB76,25.43,3.58,3.45,1.81,16,0,0,,,,,
03-19-2019,Init,1,Nanaimo,HERON,Calvert,Kwak,B,HB07,27.48,1.5,3.36,1.71,,0,0,,,,,
03-19-2019,Init,1,Nanaimo,HERON,Calvert,Pruth,B,HB43,28.46,1.36,3.34,1.69,,0,0,,,,,
03-19-2019,Init,1,Nanaimo,HERON,Calvert,Pruth,O,HB32,27.53,2.9,3.33,1.81,,0,0,,,,,
03-19-2019,Init,1,Nanaimo,HERON,Calvert,Kwak,O,HB24,27.67,1.43,3.27,1.72,,0,0,,,,,
04-09-2019,Init,1,Nanaimo,HERON,Nanaimo,Cedar,Y,HB63,26.7,1.6,3.27,1.73,,0,0,,,,,
06-17-2019,Mid,70,Nanaimo,HERON,Nanaimo,Cedar,B,HB82,26.26,3.35,3.27,,3,0,0,,,,,
08-12-2019,Final,126,Nanaimo,HERON,Nanaimo,Cedar,B,HB82,26.18,3.54,3.27,1.71,3,0,0,,,,,
04-09-2019,Init,1,Nanaimo,HERON,Nanaimo,Heron,B,HB71,26.6,2.19,3.25,0.72,,0,0,,,,,
03-19-2019,Init,1,Nanaimo,HERON,Calvert,Pruth,B,HB37,27.97,1.43,3.21,1.65,,0,0,,,,,
03-19-2019,Init,1,Nanaimo,HERON,Calvert,Kwak,O,HB08,26.21,2.01,3.19,1.69,,0,0,,,,,
06-17-2019,Mid,70,Nanaimo,HERON,Nanaimo,Cedar,O,HB60,26.64,2.58,3.18,,1,0,0,,,,,
08-12-2019,Final,126,Nanaimo,HERON,Nanaimo,Cedar,O,HB60,26.41,2.96,3.18,1.67,1,0,0,,,,,
04-09-2019,Init,1,Nanaimo,HERON,Nanaimo,Cedar,O,HB60,26.91,2.23,3.16,1.64,,0,0,,,,,
03-19-2019,Init,1,Nanaimo,HERON,Calvert,Kwak,B,HB02,26.19,2.18,3.13,1.5,,0,0,,,,,
08-04-2019,Final,139,Nanaimo,HERON,Calvert,Kwak,Y,HB14,26.33,2.57,3.13,1.66,15,0,0,,,,,
04-09-2019,Init,1,Nanaimo,HERON,Nanaimo,Cedar,O,HB90,26.7,2.41,3.11,1.59,,0,0,,,,,
08-12-2019,Final,126,Nanaimo,HERON,Nanaimo,Cedar,B,HB72,25.62,3.32,3.07,1.68,6,0,0,,,,,
06-17-2019,Mid,70,Nanaimo,HERON,Nanaimo,Cedar,B,HB72,25.79,3.4,3.06,,5,0,0,,,,,
06-05-2019,Mid,79,Nanaimo,HERON,Calvert,Kwak,Y,HB14,26.54,2.35,3.03,1.56,14,0,0,,,,,
08-04-2019,Final,139,Nanaimo,HERON,Calvert,Kwak,Y,HB39,24.98,2.86,3.01,1.7,5,0,0,,,,,
04-09-2019,Init,1,Nanaimo,HERON,Nanaimo,Cedar,R,HB56,26.88,1.32,2.98,1.47,,0,0,,,,,
06-05-2019,Mid,79,Nanaimo,HERON,Calvert,Kwak,Y,HB39,24.89,2.4,2.98,1.62,4,0,0,,,,,
06-05-2019,Mid,79,Nanaimo,HERON,Calvert,Kwak,R,HB18,28.13,2.65,2.98,1.46,19,0,0,,,,,
08-04-2019,Final,139,Nanaimo,HERON,Calvert,Kwak,R,HB31,26.01,2.51,2.95,1.54,27,0,0,,,,,
04-09-2019,Init,1,Nanaimo,HERON,Nanaimo,Heron,Y,HB83,24.75,2.9,2.94,1.59,,0,0,,,,,
04-09-2019,Init,1,Nanaimo,HERON,Nanaimo,Cedar,B,HB82,25.97,1.95,2.91,1.5,,0,0,,,,,
03-19-2019,Init,1,Nanaimo,HERON,Calvert,Pruth,R,HB45,26.31,1.15,2.89,1.49,,0,0,,,,,
03-19-2019,Init,1,Nanaimo,HERON,Calvert,Kwak,R,HB06,26.38,1.54,2.88,1.52,,0,0,,,,,
03-19-2019,Init,1,Nanaimo,HERON,Calvert,Kwak,O,HB04,25.02,1.66,2.86,1.47,,0,0,,,,,
04-09-2019,Init,1,Nanaimo,HERON,Nanaimo,Cedar,Y,HB76,24.64,2.09,2.84,1.45,,0,0,,,,,
04-09-2019,Init,1,Nanaimo,HERON,Nanaimo,Cedar,B,HB72,25.82,2.79,2.78,1.51,,0,0,,,,,
04-09-2019,Init,1,Nanaimo,HERON,Nanaimo,Heron,R,HB78,26.67,1.36,2.75,1.43,,0,0,,,,,
03-19-2019,Init,1,Nanaimo,HERON,Calvert,Kwak,Y,HB39,24.44,2.13,2.67,1.36,,0,0,,,,,
04-09-2019,Init,1,Nanaimo,HERON,Nanaimo,Heron,Y,HB77,25.49,2.27,2.63,1.4,,0,0,,,,,
04-09-2019,Init,1,Nanaimo,HERON,Nanaimo,Heron,O,HB74,24.15,2.36,2.56,1.39,,0,0,,,,,
03-19-2019,Init,1,Nanaimo,HERON,Calvert,Pruth,O,HB30,24.14,1.78,2.5,1.38,,0,0,,,,,
03-19-2019,Init,1,Nanaimo,HERON,Calvert,Kwak,R,HB16,23.55,1.7,2.44,1.26,,0,0,,,,,
08-12-2019,Final,126,Nanaimo,HERON,Nanaimo,Heron,O,HB80,22.03,2.87,2.43,1.31,22,0,0,,,,,
06-05-2019,Mid,79,Nanaimo,HERON,Calvert,Kwak,R,HB31,24.97,2.87,2.35,1.18,19,0,0,,,,,
03-19-2019,Init,1,Nanaimo,HERON,Calvert,Pruth,B,HB33,23.71,1.38,2.31,1.25,,0,0,,,,,
03-19-2019,Init,1,Nanaimo,HERON,Calvert,Kwak,Y,HB14,23.91,1.27,2.21,1.15,,0,0,,,,,
06-17-2019,Mid,70,Nanaimo,HERON,Nanaimo,Heron,O,HB80,21.94,2.7,2.21,,19,0,0,,,,,
06-17-2019,Mid,70,Nanaimo,HERON,Nanaimo,Cedar,Y,HB66,23.07,2.92,2.05,,7,0,0,,,,,
08-04-2019,Final,139,Nanaimo,HERON,Calvert,Kwak,B,HB12,21.67,1.86,2.03,1.08,7,0,0,,,,,
06-05-2019,Mid,79,Nanaimo,HERON,Calvert,Kwak,B,HB12,21.42,1.76,1.99,1.06,3,0,0,,,,,
06-17-2019,Mid,70,Nanaimo,HERON,Nanaimo,Cedar,B,HB70,21.43,2.48,1.89,,5,0,0,,,,,
08-04-2019,Final,139,Nanaimo,HERON,Calvert,Kwak,Y,HB13,22.01,2.03,1.84,0.99,8,0,0,,,,,
03-19-2019,Init,1,Nanaimo,HERON,Calvert,Kwak,B,HB12,21.13,1.25,1.83,0.97,,0,0,,,,,
08-12-2019,Final,126,Nanaimo,HERON,Nanaimo,Heron,B,HB62,20.8,2.82,1.8,0.98,10,0,0,,,,,
03-19-2019,Init,1,Nanaimo,HERON,Calvert,Kwak,R,HB18,23.21,1.07,1.74,0.86,,0,0,,,,,
06-17-2019,Mid,70,Nanaimo,HERON,Nanaimo,Heron,B,HB62,20.75,2.71,1.71,,8,0,0,,,,,
06-05-2019,Mid,79,Nanaimo,HERON,Calvert,Kwak,Y,HB13,21.77,1.75,1.7,0.89,6,0,0,,,,,
04-09-2019,Init,1,Nanaimo,HERON,Nanaimo,Cedar,Y,HB66,21.76,1.03,1.64,0.88,,0,0,,,,,
04-09-2019,Init,1,Nanaimo,HERON,Nanaimo,Cedar,B,HB70,21.04,1.88,1.62,0.83,,0,0,,,,,
08-12-2019,Final,126,Nanaimo,HERON,Nanaimo,Cedar,B,HB70,21.3,2.63,1.43,1.02,8,0,0,,,,,
03-19-2019,Init,1,Nanaimo,HERON,Calvert,Kwak,Y,HB13,20.01,1.54,1.35,0.89,,0,0,,,,,
04-09-2019,Init,1,Nanaimo,HERON,Nanaimo,Heron,B,HB62,19.52,1.17,1.23,0.63,,0,0,,,,,
08-12-2019,Final,126,Nanaimo,HERON,Nanaimo,Cedar,B,HB64,18.02,2.72,1.22,0.64,5,0,0,,,,,
03-19-2019,Init,1,Nanaimo,HERON,Calvert,Kwak,R,HB31,20.21,1.1,1.21,0.61,,0,0,,,,,
06-17-2019,Mid,70,Nanaimo,HERON,Nanaimo,Cedar,B,HB64,18.37,2.65,1.19,,4,0,0,,,,,
04-09-2019,Init,1,Nanaimo,HERON,Nanaimo,Heron,O,HB80,18.73,2.15,1.12,0.61,,0,0,,,,,
04-09-2019,Init,1,Nanaimo,HERON,Nanaimo,Cedar,B,HB64,18.38,1.29,0.99,0.52,,0,0,,,,,
04-09-2019,Init,1,Nanaimo,HERON,Nanaimo,Heron,O,HB81,21.74,1.73,0.85,0.46,,0,0,CHECK THIS LENGTH,,,,
08-12-2019,Final,126,Nanaimo,HERON,Nanaimo,Cedar,R,HB92,,,,,,1,0,DIED,,,,
08-12-2019,Final,126,Nanaimo,HERON,Nanaimo,Cedar,R,HB50,,,,,,1,0,DIED HERMIT CRAB,,,,
08-12-2019,Final,126,Nanaimo,HERON,Nanaimo,Cedar,R,HB56,,,,,,1,0,DIED HERMIT CRAB,,,,
08-12-2019,Final,126,Nanaimo,HERON,Nanaimo,Cedar,R,HB61,,,,,,1,0,DIED HERMIT CRAB,,,,
08-12-2019,Final,126,Nanaimo,HERON,Nanaimo,Cedar,Y,HB67,,,,,,1,0,DIED,,,,
08-12-2019,Final,126,Nanaimo,HERON,Nanaimo,Cedar,R,HB89,,,,,,1,0,DIED HERMIT CRAB,,,,
08-12-2019,Final,126,Nanaimo,HERON,Nanaimo,Cedar,Y,HB98,,,,,,1,0,DIED,,,,
08-12-2019,Final,126,Nanaimo,HERON,Nanaimo,Cedar,Y,HB63,,,,,,1,0,DIED HERMIT CRAB,,,,
08-12-2019,Final,126,Nanaimo,HERON,Nanaimo,Cedar,Y,HB66,,,,,,1,0,DIED HERMIT CRAB,,,,
08-02-2019,Final,137,Calvert,KWAK,Calvert,Pruth,B,KW23,44.38,4.29,8.84,3.82,45,0,0,,,,,
08-02-2019,Final,137,Calvert,KWAK,Calvert,Pruth,O,KW14,43.39,3.53,8.48,3.55,6,0,0,,,,,
08-04-2019,Final,139,Calvert,KWAK,Calvert,Kwak,B,KW08,46.36,2.63,8.08,3.19,41,0,0,,,,,
03-19-2019,Init,1,Calvert,KWAK,Calvert,Pruth,O,KW14,43.04,2.09,7.53,2.79,,0,0,,,,,
06-17-2019,Mid,70,Calvert,KWAK,Nanaimo,Cedar,B,KW63,42.1,3.07,7.48,,2,0,0,,,,,
06-04-2019,Mid,78,Calvert,KWAK,Calvert,Pruth,O,KW14,42.87,2.94,7.28,3.36,1,0,0,,,,,
04-09-2019,Init,1,Calvert,KWAK,Nanaimo,Heron,B,KW63,41.96,2.82,7.09,2.55,,0,0,,,,,
08-02-2019,Final,137,Calvert,KWAK,Calvert,Pruth,Y,KW45,44.58,2.17,7.09,2.92,101,0,0,,,,,
08-02-2019,Final,137,Calvert,KWAK,Calvert,Pruth,Y,KW01,42.29,2.77,6.76,2.84,27,0,0,,,,,
08-04-2019,Final,139,Calvert,KWAK,Calvert,Kwak,R,KW12,41.17,4.45,6.73,2.84,32,0,0,,,,,
08-12-2019,Final,126,Calvert,KWAK,Nanaimo,Cedar,O,KW65,37.58,3.66,6.7,2.97,14,0,0,,,,,
08-12-2019,Final,126,Calvert,KWAK,Nanaimo,Heron,Y,KW57,40.55,4.51,6.59,3,8,0,0,,,,,
06-17-2019,Mid,70,Calvert,KWAK,Nanaimo,Heron,Y,KW57,30.52,4.18,6.54,,7,0,0,,,,,
08-12-2019,Final,126,Calvert,KWAK,Nanaimo,Heron,Y,KW71,41.59,3.56,6.52,2.6,11,0,0,,,,,
08-02-2019,Final,137,Calvert,KWAK,Calvert,Pruth,R,KW03,39.93,3.15,6.46,2.97,57,0,0,,,,,
06-04-2019,Mid,78,Calvert,KWAK,Calvert,Pruth,B,KW23,39.86,1.09,6.42,2.86,26,0,0,,,,,
06-17-2019,Mid,70,Calvert,KWAK,Nanaimo,Heron,Y,KW71,39.68,3.95,6.4,,11,0,0,,,,,
08-12-2019,Final,126,Calvert,KWAK,Nanaimo,Heron,B,KW51,39.05,4.35,6.26,2.74,5,0,0,,,,,
03-19-2019,Init,1,Calvert,KWAK,Calvert,Pruth,Y,KW15,38.11,2.34,6.16,2.5,,0,0,,,,,
06-04-2019,Mid,78,Calvert,KWAK,Calvert,Pruth,Y,KW15,37.6,2.2,6.1,2.75,0,0,0,,,,,
06-17-2019,Mid,70,Calvert,KWAK,Nanaimo,Heron,B,KW51,39.16,3.62,6.04,,3,0,0,,,,,
04-09-2019,Init,1,Calvert,KWAK,Nanaimo,Heron,B,KW51,39.17,2.13,6.03,2.32,,0,0,,,,,
06-17-2019,Mid,70,Calvert,KWAK,Nanaimo,Heron,R,KW53,38.7,3.73,5.96,,6,0,0,,,,,
04-09-2019,Init,1,Calvert,KWAK,Nanaimo,Heron,Y,KW57,29.38,2,5.92,2.36,,0,0,,,,,
08-02-2019,Final,137,Calvert,KWAK,Calvert,Pruth,O,KW33,37.08,3.73,5.9,2.57,5,0,0,,,,,
08-02-2019,Final,137,Calvert,KWAK,Calvert,Pruth,R,KW16,39.62,3.03,5.86,2.7,69,0,0,,,,,
08-02-2019,Final,137,Calvert,KWAK,Calvert,Pruth,R,KW19,39.48,3.57,5.82,2.47,7,0,0,,,,,
08-02-2019,Final,137,Calvert,KWAK,Calvert,Pruth,Y,KW15,37.38,2.41,5.82,2.4,1,0,1,OSTRINA?,,,,
08-04-2019,Final,139,Calvert,KWAK,Calvert,Kwak,B,KW35,39.21,1.94,5.77,2.27,14,0,0,,,,,
08-04-2019,Final,139,Calvert,KWAK,Calvert,Kwak,O,KW11,39.54,3.37,5.76,2.39,9,0,0,,,,,
08-04-2019,Final,139,Calvert,KWAK,Calvert,Kwak,O,KW29,40.82,2.47,5.75,2.39,25,0,0,,,,,
08-12-2019,Final,126,Calvert,KWAK,Nanaimo,Heron,O,KW60,37.46,3.64,5.71,2.51,10,0,0,,,,,
03-19-2019,Init,1,Calvert,KWAK,Calvert,Pruth,O,KW33,36.88,3.79,5.67,2.3,,0,0,,,,,
04-09-2019,Init,1,Calvert,KWAK,Nanaimo,Heron,Y,KW71,38.79,2.56,5.66,2.66,,0,0,,,,,
06-17-2019,Mid,70,Calvert,KWAK,Nanaimo,Heron,O,KW70,38.05,3.44,5.62,,0,0,0,,,,,
08-02-2019,Final,137,Calvert,KWAK,Calvert,Pruth,B,KW32,37.9,3.38,5.6,2.39,15,0,0,,,,,
06-04-2019,Mid,78,Calvert,KWAK,Calvert,Pruth,O,KW33,36.56,3.31,5.59,2.75,0,0,0,,,,,
08-02-2019,Final,137,Calvert,KWAK,Calvert,Pruth,O,KW09,36.53,2.58,5.58,2.28,16,0,0,,,,,
06-05-2019,Mid,79,Calvert,KWAK,Calvert,Kwak,B,KW08,38.69,1.51,5.53,2.07,7,0,0,,,,,
08-02-2019,Final,137,Calvert,KWAK,Calvert,Pruth,B,KW13,35.78,3.38,5.51,2.41,66,0,0,,,,,
08-04-2019,Final,139,Calvert,KWAK,Calvert,Kwak,R,KW21,39.65,2.95,5.51,2.11,10,0,0,,,,,
06-17-2019,Mid,70,Calvert,KWAK,Nanaimo,Cedar,O,KW65,37.2,3.89,5.49,,7,0,0,,,,,
08-02-2019,Final,137,Calvert,KWAK,Calvert,Pruth,Y,KW42,38.3,1.67,5.47,2.23,77,0,0,,,,,
04-09-2019,Init,1,Calvert,KWAK,Nanaimo,Heron,O,KW70,38.39,1.75,5.41,2.04,,0,0,,,,,
06-05-2019,Mid,79,Calvert,KWAK,Calvert,Kwak,Y,KW02,36.58,4.01,5.37,2.11,0,0,0,,,,,
08-02-2019,Final,137,Calvert,KWAK,Calvert,Pruth,B,KW37,38.77,3.25,5.36,2.44,28,0,0,,,,,
06-04-2019,Mid,78,Calvert,KWAK,Calvert,Pruth,R,KW19,38.22,2.19,5.35,2.28,2,0,0,,,,,
06-17-2019,Mid,70,Calvert,KWAK,Nanaimo,Heron,O,KW60,37.34,3.49,5.35,,7,0,0,,,,,
08-12-2019,Final,126,Calvert,KWAK,Nanaimo,Heron,O,KW77,34.68,3.25,5.35,2.58,72,0,0,,,,,
08-12-2019,Final,126,Calvert,KWAK,Nanaimo,Heron,O,KW70,38.28,3.6,5.33,2.27,3,0,0,,,,,
06-05-2019,Mid,79,Calvert,KWAK,Calvert,Kwak,B,KW35,38.02,2.72,5.32,1.93,2,0,0,,,,,
08-04-2019,Final,139,Calvert,KWAK,Calvert,Kwak,Y,KW02,37.21,3.83,5.31,2.22,2,0,0,,,,,
03-19-2019,Init,1,Calvert,KWAK,Calvert,Pruth,R,KW19,37.95,1.6,5.3,1.98,,0,0,,,,,
06-05-2019,Mid,79,Calvert,KWAK,Calvert,Kwak,O,KW11,38.91,2.73,5.29,2.05,1,0,0,,,,,
03-19-2019,Init,1,Calvert,KWAK,Calvert,Kwak,Y,KW02,36.75,3.03,5.27,2.14,,0,0,,,,,
04-09-2019,Init,1,Calvert,KWAK,Nanaimo,Heron,R,KW53,38.57,1.46,5.2,2.43,,0,0,,,,,
08-04-2019,Final,139,Calvert,KWAK,Calvert,Kwak,R,KW36,34.19,2.92,5.16,2.45,49,0,0,,,,,
06-05-2019,Mid,79,Calvert,KWAK,Calvert,Kwak,Y,KW04,37.27,3.36,5.14,1.91,0,0,0,,,,,
03-19-2019,Init,1,Calvert,KWAK,Calvert,Kwak,O,KW11,38.74,2.23,5.12,1.98,,0,0,,,,,
03-19-2019,Init,1,Calvert,KWAK,Calvert,Kwak,Y,KW04,37.52,2.96,5.1,1.96,,0,0,,,,,
08-02-2019,Final,137,Calvert,KWAK,Calvert,Pruth,R,KW05,35.46,3.55,5.09,2.18,16,0,0,,,,,
08-04-2019,Final,139,Calvert,KWAK,Calvert,Kwak,O,KW07,36.67,2.28,5.07,2.09,3,0,0,,,,,
08-04-2019,Final,139,Calvert,KWAK,Calvert,Kwak,Y,KW04,37.71,3.51,5.07,2.04,3,0,0,,,,,
06-05-2019,Mid,79,Calvert,KWAK,Calvert,Kwak,O,KW07,36.88,2.21,5.04,1.96,0,0,0,,,,,
08-12-2019,Final,126,Calvert,KWAK,Nanaimo,Heron,Y,KW59,34.3,3.56,5.04,2.26,17,0,0,,,,,
03-19-2019,Init,1,Calvert,KWAK,Calvert,Kwak,B,KW08,37.18,2.03,4.99,1.88,,0,0,,,,,
03-19-2019,Init,1,Calvert,KWAK,Calvert,Kwak,B,KW35,37.89,2.6,4.95,1.88,,0,0,,,,,
03-19-2019,Init,1,Calvert,KWAK,Calvert,Kwak,O,KW07,36.83,2.22,4.94,1.97,,0,0,,,,,
06-05-2019,Mid,79,Calvert,KWAK,Calvert,Kwak,R,KW21,38.14,2.29,4.79,1.68,0,0,0,,,,,
03-19-2019,Init,1,Calvert,KWAK,Calvert,Kwak,R,KW21,38.32,1.9,4.77,1.68,,0,0,,,,,
08-02-2019,Final,137,Calvert,KWAK,Calvert,Pruth,B,KW30,35.6,2.71,4.69,2.05,10,0,0,,,,,
03-19-2019,Init,1,Calvert,KWAK,Calvert,Pruth,Y,KW26,36.7,2.1,4.67,1.92,,0,0,,,,,
08-04-2019,Final,139,Calvert,KWAK,Calvert,Kwak,R,KW18,36.62,2.96,4.63,1.94,27,0,0,,,,,
06-04-2019,Mid,78,Calvert,KWAK,Calvert,Pruth,Y,KW26,36.74,2.52,4.62,2.3,2,0,0,,,,,
03-19-2019,Init,1,Calvert,KWAK,Calvert,Pruth,B,KW23,35.14,2.38,4.6,1.83,,0,0,,,,,
06-05-2019,Mid,79,Calvert,KWAK,Calvert,Kwak,O,KW29,38.02,2,4.59,1.77,10,0,0,,,,,
06-17-2019,Mid,70,Calvert,KWAK,Nanaimo,Cedar,B,KW99,33.73,3.37,4.59,,4,0,0,,,,,
06-04-2019,Mid,78,Calvert,KWAK,Calvert,Pruth,B,KW32,35.18,2.02,4.56,1.99,12,0,0,,,,,
06-04-2019,Mid,78,Calvert,KWAK,Calvert,Pruth,O,KW09,34.73,2.96,4.56,2.01,3,0,0,,,,,
06-05-2019,Mid,79,Calvert,KWAK,Calvert,Kwak,R,KW12,36.58,2.72,4.56,1.83,5,0,0,,,,,
03-19-2019,Init,1,Calvert,KWAK,Calvert,Pruth,O,KW09,35.18,2.21,4.52,1.64,,0,0,,,,,
06-04-2019,Mid,78,Calvert,KWAK,Calvert,Pruth,Y,KW01,36.56,2.85,4.5,2.1,3,0,0,,,,,
06-17-2019,Mid,70,Calvert,KWAK,Nanaimo,Cedar,Y,KW95,36.83,3.36,4.49,,3,0,0,,,,,
06-17-2019,Mid,70,Calvert,KWAK,Nanaimo,Cedar,Y,KW50,34.47,3.68,4.46,,0,0,0,,,,,
03-19-2019,Init,1,Calvert,KWAK,Calvert,Pruth,Y,KW01,36.48,2.14,4.45,1.71,,0,0,,,,,
04-09-2019,Init,1,Calvert,KWAK,Nanaimo,Heron,B,KW92,34.29,2.24,4.45,1.67,,0,0,,,,,
04-09-2019,Init,1,Calvert,KWAK,Nanaimo,Cedar,Y,KW95,36.16,2.64,4.43,1.67,,0,0,,,,,
08-12-2019,Final,126,Calvert,KWAK,Nanaimo,Cedar,Y,KW95,36.98,3.77,4.4,1.79,3,0,0,,,,,
04-09-2019,Init,1,Calvert,KWAK,Nanaimo,Cedar,O,KW65,35.02,1.95,4.37,1.69,,0,0,,,,,
04-09-2019,Init,1,Calvert,KWAK,Nanaimo,Cedar,Y,KW50,34.73,1.87,4.33,1.69,,0,0,,,,,
08-04-2019,Final,139,Calvert,KWAK,Calvert,Kwak,O,KW44,35.14,2.02,4.28,1.84,66,0,0,,,,,
08-02-2019,Final,137,Calvert,KWAK,Calvert,Pruth,Y,KW34,34.52,1.64,4.27,1.77,53,0,0,,,,,
08-04-2019,Final,139,Calvert,KWAK,Calvert,Kwak,R,KW06,36.82,1.81,4.27,1.74,53,0,0,,,,,
08-02-2019,Final,137,Calvert,KWAK,Calvert,Pruth,O,KW24,34.54,2.79,4.25,1.81,11,0,0,,,,,
08-12-2019,Final,126,Calvert,KWAK,Nanaimo,Cedar,Y,KW50,34.14,4.04,4.23,1.74,1,0,0,,,,,
04-09-2019,Init,1,Calvert,KWAK,Nanaimo,Cedar,B,KW99,33.78,1.69,4.2,1.68,,0,0,,,,,
08-02-2019,Final,137,Calvert,KWAK,Calvert,Pruth,O,KW10,35.39,3.05,4.2,1.75,4,0,0,,,,,
08-02-2019,Final,137,Calvert,KWAK,Calvert,Pruth,R,KW27,34.48,2.89,4.15,1.78,22,0,0,,,,,
03-19-2019,Init,1,Calvert,KWAK,Calvert,Pruth,B,KW32,34.83,2.54,4.14,1.65,,0,0,,,,,
06-04-2019,Mid,78,Calvert,KWAK,Calvert,Pruth,R,KW03,33.73,1.8,4.14,1.86,30,0,0,,,,,
03-19-2019,Init,1,Calvert,KWAK,Calvert,Pruth,O,KW10,35.29,2.81,4.1,1.56,,0,0,,,,,
03-19-2019,Init,1,Calvert,KWAK,Calvert,Kwak,R,KW12,35.31,1.44,4.05,1.56,,0,0,,,,,
08-04-2019,Final,139,Calvert,KWAK,Calvert,Kwak,O,KW17,32.44,2.33,4.05,1.86,51,0,0,,,,,
06-04-2019,Mid,78,Calvert,KWAK,Calvert,Pruth,B,KW30,33.6,2.58,4.04,1.84,3,0,0,,,,,
08-12-2019,Final,126,Calvert,KWAK,Nanaimo,Heron,Y,KW98,30.72,3.55,4.03,1.82,46,0,0,,,,,
06-17-2019,Mid,70,Calvert,KWAK,Nanaimo,Heron,Y,KW59,33.17,2.43,3.98,,59,0,0,,,,,
03-19-2019,Init,1,Calvert,KWAK,Calvert,Kwak,O,KW29,35.87,2.88,3.97,1.48,,0,0,,,,,
03-19-2019,Init,1,Calvert,KWAK,Calvert,Pruth,B,KW30,33.24,2.5,3.93,1.58,,0,0,,,,,
06-04-2019,Mid,78,Calvert,KWAK,Calvert,Pruth,O,KW10,34.95,1.85,3.93,1.88,0,0,0,,,,,
08-12-2019,Final,126,Calvert,KWAK,Nanaimo,Heron,O,KW93,30.75,2.45,3.88,1.79,23,0,0,,,,,
08-02-2019,Final,137,Calvert,KWAK,Calvert,Pruth,R,KW28,35.38,2.26,3.86,1.51,8,0,0,,,,,
08-02-2019,Final,137,Calvert,KWAK,Calvert,Pruth,B,KW48,33.4,2.83,3.84,1.74,64,0,0,,,,,
04-09-2019,Init,1,Calvert,KWAK,Nanaimo,Cedar,R,KW72,33.55,1.74,3.83,1.41,,0,0,,,,,
06-05-2019,Mid,79,Calvert,KWAK,Calvert,Kwak,Y,KW31,32.88,2.51,3.83,1.43,0,0,0,,,,,
03-19-2019,Init,1,Calvert,KWAK,Calvert,Pruth,R,KW05,31.98,2.37,3.82,1.56,,0,0,,,,,
06-04-2019,Mid,78,Calvert,KWAK,Calvert,Pruth,R,KW05,32.12,2.3,3.82,1.78,1,0,0,,,,,
04-09-2019,Init,1,Calvert,KWAK,Nanaimo,Heron,O,KW60,36.48,2.22,3.79,1.81,,0,0,,,,,
06-04-2019,Mid,78,Calvert,KWAK,Calvert,Pruth,B,KW37,34.55,1.85,3.74,1.64,15,0,0,,,,,
06-17-2019,Mid,70,Calvert,KWAK,Nanaimo,Heron,R,KW54,30.02,2.91,3.74,,45,0,0,,,,,
08-04-2019,Final,139,Calvert,KWAK,Calvert,Kwak,B,KW20,34.91,1.9,3.72,1.51,6,0,1,OSTRINA?,,,,
03-19-2019,Init,1,Calvert,KWAK,Calvert,Kwak,Y,KW31,33.23,2.47,3.71,1.48,,0,0,,,,,
06-04-2019,Mid,78,Calvert,KWAK,Calvert,Pruth,R,KW28,33.76,1.44,3.67,1.51,7,0,0,,,,,
08-04-2019,Final,139,Calvert,KWAK,Calvert,Kwak,Y,KW31,33.4,2.75,3.62,1.5,4,0,1,OSTRINA?,,,,
08-12-2019,Final,126,Calvert,KWAK,Nanaimo,Heron,Y,KW96,30.28,3.18,3.61,1.64,54,0,0,,,,,
03-19-2019,Init,1,Calvert,KWAK,Calvert,Pruth,R,KW28,33.86,1.16,3.6,1.24,,0,0,,,,,
08-12-2019,Final,126,Calvert,KWAK,Nanaimo,Heron,R,KW94,31.22,2.83,3.59,1.59,15,0,0,,,,,
03-19-2019,Init,1,Calvert,KWAK,Calvert,Pruth,O,KW24,33.31,2.22,3.57,1.37,,0,0,,,,,
03-19-2019,Init,1,Calvert,KWAK,Calvert,Kwak,B,KW20,34.41,1.7,3.53,1.32,,0,0,,,,,
06-04-2019,Mid,78,Calvert,KWAK,Calvert,Pruth,B,KW13,30.59,1.43,3.51,1.52,44,0,0,,,,,
06-04-2019,Mid,78,Calvert,KWAK,Calvert,Pruth,O,KW24,32.63,2.11,3.49,1.67,1,0,0,,,,,
03-19-2019,Init,1,Calvert,KWAK,Calvert,Kwak,R,KW22,33.87,1.08,3.44,1.29,,0,0,,,,,
06-05-2019,Mid,79,Calvert,KWAK,Calvert,Kwak,B,KW20,34.28,1.8,3.38,1.25,0,0,0,,,,,
06-05-2019,Mid,79,Calvert,KWAK,Calvert,Kwak,R,KW22,33.49,1.32,3.38,1.27,1,0,0,,,,,
06-17-2019,Mid,70,Calvert,KWAK,Nanaimo,Heron,R,KW94,31.44,2.22,3.36,,54,0,0,,,,,
08-04-2019,Final,139,Calvert,KWAK,Calvert,Kwak,O,KW41,32.71,1.96,3.34,1.42,61,0,0,,,,,
08-12-2019,Final,126,Calvert,KWAK,Nanaimo,Heron,O,KW88,30.28,1.75,3.34,1.67,56,0,0,,,,,
08-12-2019,Final,126,Calvert,KWAK,Nanaimo,Cedar,B,KW58,28.61,3.62,3.33,1.51,30,0,0,,,,,
06-17-2019,Mid,70,Calvert,KWAK,Nanaimo,Cedar,B,KW58,28.48,3.01,3.32,,33,0,0,,,,,
06-17-2019,Mid,70,Calvert,KWAK,Nanaimo,Heron,R,KW56,29.65,2.34,3.3,,36,0,0,,,,,
06-05-2019,Mid,79,Calvert,KWAK,Calvert,Kwak,R,KW18,32.54,2.44,3.28,1.3,6,0,0,,,,,
06-05-2019,Mid,79,Calvert,KWAK,Calvert,Kwak,R,KW36,27.89,2.15,3.26,1.57,24,0,0,,,,,
06-04-2019,Mid,78,Calvert,KWAK,Calvert,Pruth,R,KW16,32.54,1.97,3.22,1.43,40,0,0,,,,,
08-04-2019,Final,139,Calvert,KWAK,Calvert,Kwak,R,KW22,33.37,1.29,3.21,1.27,2,0,1,OSTRINA?,,,,
04-09-2019,Init,1,Calvert,KWAK,Nanaimo,Heron,R,KW49,33.49,0.98,3.18,1.2,,0,0,,,,,
06-04-2019,Mid,78,Calvert,KWAK,Calvert,Pruth,R,KW27,31.38,1.39,3.14,1.28,10,0,0,,,,,
08-12-2019,Final,126,Calvert,KWAK,Nanaimo,Heron,O,KW52,28.54,2.54,3.13,1.5,50,0,0,,,,,
04-09-2019,Init,1,Calvert,KWAK,Nanaimo,Cedar,R,KW62,30.77,1.68,3.09,1.16,,0,0,,,,,
08-04-2019,Final,139,Calvert,KWAK,Calvert,Kwak,Y,KW43,30.41,1.83,3.06,1.36,46,0,0,,,,,
08-12-2019,Final,126,Calvert,KWAK,Nanaimo,Heron,Y,KW74,27.94,2.64,3.06,1.42,42,0,0,Didn't feeze - lost in sea table?,,,,
03-19-2019,Init,1,Calvert,KWAK,Calvert,Kwak,R,KW18,31.5,2.88,3.04,1.17,,0,0,,,,,
06-17-2019,Mid,70,Calvert,KWAK,Nanaimo,Heron,O,KW77,29.71,3.41,3.04,,48,0,0,,,,,
06-17-2019,Mid,70,Calvert,KWAK,Nanaimo,Heron,R,KW84,29.15,2.62,3.03,,50,0,0,,,,,
03-19-2019,Init,1,Calvert,KWAK,Calvert,Pruth,B,KW37,32.16,1.87,3.02,1.27,,0,0,,,,,
06-04-2019,Mid,78,Calvert,KWAK,Calvert,Pruth,Y,KW45,31.54,1.02,3,1.23,47,0,0,,,,,
03-19-2019,Init,1,Calvert,KWAK,Calvert,Pruth,R,KW27,30.33,2.16,2.91,1.16,,0,0,,,,,
08-12-2019,Final,126,Calvert,KWAK,Nanaimo,Heron,R,KW84,28.86,2.53,2.91,1.3,45,0,0,,,,,
06-17-2019,Mid,70,Calvert,KWAK,Nanaimo,Heron,Y,KW98,27.8,2.42,2.81,,31,0,0,,,,,
08-04-2019,Final,139,Calvert,KWAK,Calvert,Kwak,Y,KW39,31.16,2.01,2.7,1.1,26,0,0,,,,,
08-12-2019,Final,126,Calvert,KWAK,Nanaimo,Cedar,Y,KW80,27.43,1.71,2.68,1.23,38,0,0,,,,,
06-17-2019,Mid,70,Calvert,KWAK,Nanaimo,Heron,O,KW93,28.75,1.93,2.58,,47,0,0,,,,,
06-05-2019,Mid,79,Calvert,KWAK,Calvert,Kwak,R,KW06,29.85,1.76,2.52,1.02,23,0,0,,,,,
08-04-2019,Final,139,Calvert,KWAK,Calvert,Kwak,Y,KW25,28.71,2.26,2.48,1.07,31,0,0,,,,,
06-17-2019,Mid,70,Calvert,KWAK,Nanaimo,Heron,Y,KW96,27.53,2.71,2.43,,40,0,0,,,,,
06-04-2019,Mid,78,Calvert,KWAK,Calvert,Pruth,Y,KW42,27.52,1.62,2.41,1.05,38,0,0,,,,,
08-04-2019,Final,139,Calvert,KWAK,Calvert,Kwak,B,KW40,27.85,1.69,2.41,1.06,36,0,0,,,,,
03-19-2019,Init,1,Calvert,KWAK,Calvert,Pruth,R,KW03,27.14,1.64,2.38,1.05,,0,0,,,,,
06-05-2019,Mid,79,Calvert,KWAK,Calvert,Kwak,O,KW17,26.06,3.23,2.29,1,24,0,0,,,,,
06-17-2019,Mid,70,Calvert,KWAK,Nanaimo,Cedar,B,KW67,26.64,2.49,2.28,,20,0,0,,,,,
08-12-2019,Final,126,Calvert,KWAK,Nanaimo,Cedar,O,KW73,25.21,2.09,2.27,1.1,35,0,0,,,,,
08-12-2019,Final,126,Calvert,KWAK,Nanaimo,Cedar,B,KW67,26.37,2.77,2.27,1.01,19,0,0,,,,,
06-17-2019,Mid,70,Calvert,KWAK,Nanaimo,Heron,O,KW52,27.04,2.98,2.25,,39,0,0,,,,,
06-05-2019,Mid,79,Calvert,KWAK,Calvert,Kwak,O,KW44,27.41,2.31,2.21,0.93,13,0,0,,,,,
06-17-2019,Mid,70,Calvert,KWAK,Nanaimo,Heron,Y,KW74,25.66,2.25,2.21,,29,0,0,,,,,
03-19-2019,Init,1,Calvert,KWAK,Calvert,Kwak,R,KW36,23.44,3.26,2.2,1.11,,0,0,,,,,
06-04-2019,Mid,78,Calvert,KWAK,Calvert,Pruth,B,KW48,27.19,1.47,2.15,0.92,38,0,0,,,,,
08-12-2019,Final,126,Calvert,KWAK,Nanaimo,Cedar,Y,KW61,25.1,2.8,2.05,0.99,29,0,0,,,,,
06-17-2019,Mid,70,Calvert,KWAK,Nanaimo,Cedar,Y,KW61,25.63,2.33,2,,27,0,0,,,,,
06-04-2019,Mid,78,Calvert,KWAK,Calvert,Pruth,Y,KW34,24.7,1.4,1.97,0.93,12,0,0,,,,,
06-05-2019,Mid,79,Calvert,KWAK,Calvert,Kwak,B,KW40,25.22,1.25,1.88,0.79,24,0,0,,,,,
06-05-2019,Mid,79,Calvert,KWAK,Calvert,Kwak,Y,KW43,24.49,1.87,1.87,0.78,20,0,0,,,,,
06-05-2019,Mid,79,Calvert,KWAK,Calvert,Kwak,O,KW41,26.2,2.03,1.87,0.77,32,0,0,,,,,
08-12-2019,Final,126,Calvert,KWAK,Nanaimo,Cedar,O,KW89,24.8,1.63,1.86,0.85,34,0,0,,,,,
06-17-2019,Mid,70,Calvert,KWAK,Nanaimo,Cedar,Y,KW80,23.92,2.62,1.85,,20,0,0,,,,,
08-12-2019,Final,126,Calvert,KWAK,Nanaimo,Cedar,O,KW75,23.34,1.59,1.85,0.89,26,0,0,,,,,
06-05-2019,Mid,79,Calvert,KWAK,Calvert,Kwak,Y,KW39,27.49,1.87,1.84,0.73,10,0,0,,,,,
08-12-2019,Final,126,Calvert,KWAK,Nanaimo,Cedar,B,KW83,23.8,2.09,1.77,0.82,30,0,0,,,,,
06-17-2019,Mid,70,Calvert,KWAK,Nanaimo,Heron,O,KW88,24.56,2.28,1.75,,34,0,0,,,,,
06-17-2019,Mid,70,Calvert,KWAK,Nanaimo,Cedar,B,KW83,23.94,2.48,1.74,,21,0,0,,,,,
03-19-2019,Init,1,Calvert,KWAK,Calvert,Kwak,R,KW06,27.54,1.17,1.69,0.67,,0,0,,,,,
06-17-2019,Mid,70,Calvert,KWAK,Nanaimo,Cedar,O,KW73,23.08,2.11,1.67,,24,0,0,,,,,
03-19-2019,Init,1,Calvert,KWAK,Calvert,Pruth,B,KW13,22.59,0.94,1.61,0.68,,0,0,,,,,
06-05-2019,Mid,79,Calvert,KWAK,Calvert,Kwak,Y,KW25,23.88,1.55,1.57,0.64,7,0,0,,,,,
04-09-2019,Init,1,Calvert,KWAK,Nanaimo,Cedar,R,KW66,24.95,1.12,1.52,0.6,,0,0,,,,,
03-19-2019,Init,1,Calvert,KWAK,Calvert,Pruth,Y,KW34,22.34,1.65,1.51,0.68,,0,0,,,,,
03-19-2019,Init,1,Calvert,KWAK,Calvert,Kwak,Y,KW39,25.37,1.43,1.5,0.6,,0,0,,,,,
04-09-2019,Init,1,Calvert,KWAK,Nanaimo,Cedar,O,KW68,24.53,0.72,1.47,0.56,,0,0,,,,,
06-05-2019,Mid,79,Calvert,KWAK,Calvert,Kwak,B,KW47,22.78,1.57,1.45,0.64,32,0,0,,,,,
08-04-2019,Final,139,Calvert,KWAK,Calvert,Kwak,B,KW47,22.57,1.32,1.45,0.63,11,0,0,,,,,
04-09-2019,Init,1,Calvert,KWAK,Nanaimo,Cedar,B,KW67,22.91,0.53,1.38,0.55,,0,0,,,,,
03-19-2019,Init,1,Calvert,KWAK,Calvert,Pruth,R,KW16,23.18,2.13,1.37,0.58,,0,0,,,,,
08-04-2019,Final,139,Calvert,KWAK,Calvert,Kwak,B,KW38,23.84,1.09,1.37,0.54,24,0,0,,,,,
04-09-2019,Init,1,Calvert,KWAK,Nanaimo,Heron,R,KW56,23.02,0.68,1.36,0.55,,0,0,,,,,
04-09-2019,Init,1,Calvert,KWAK,Nanaimo,Cedar,B,KW58,22.31,0.6,1.34,0.59,,0,0,,,,,
03-19-2019,Init,1,Calvert,KWAK,Calvert,Kwak,Y,KW25,22.42,1,1.31,0.53,,0,0,,,,,
06-17-2019,Mid,70,Calvert,KWAK,Nanaimo,Cedar,O,KW89,21.83,2.33,1.3,,18,0,0,,,,,
06-17-2019,Mid,70,Calvert,KWAK,Nanaimo,Cedar,O,KW75,20.92,1.9,1.3,,18,0,0,,,,,
04-09-2019,Init,1,Calvert,KWAK,Nanaimo,Heron,Y,KW98,22.35,0.44,1.27,0.53,,0,0,,,,,
06-17-2019,Mid,70,Calvert,KWAK,Nanaimo,Cedar,R,KW90,21.6,2.68,1.27,,13,0,0,,,,,
04-09-2019,Init,1,Calvert,KWAK,Nanaimo,Cedar,O,KW78,21.34,1.19,1.23,0.52,,0,0,,,,,
03-19-2019,Init,1,Calvert,KWAK,Calvert,Kwak,Y,KW43,21.67,2.71,1.22,0.53,,0,0,,,,,
03-19-2019,Init,1,Calvert,KWAK,Calvert,Kwak,B,KW40,21.12,1.06,1.18,0.52,,0,0,,,,,
03-19-2019,Init,1,Calvert,KWAK,Calvert,Kwak,O,KW17,20.8,1.21,1.17,0.53,,0,0,,,,,
04-09-2019,Init,1,Calvert,KWAK,Nanaimo,Heron,R,KW54,20.38,0.58,1.15,0.42,,0,0,,,,,
03-19-2019,Init,1,Calvert,KWAK,Calvert,Pruth,Y,KW42,20.99,1.55,1.11,0.51,,0,0,,,,,
03-19-2019,Init,1,Calvert,KWAK,Calvert,Pruth,Y,KW45,22.06,1.38,1.1,0.46,,0,0,,,,,
04-09-2019,Init,1,Calvert,KWAK,Nanaimo,Cedar,R,KW97,22.1,0.45,1.1,0.44,,0,0,,,,,
03-19-2019,Init,1,Calvert,KWAK,Calvert,Kwak,B,KW47,20.46,1.5,1.06,0.46,,0,0,,,,,
03-19-2019,Init,1,Calvert,KWAK,Calvert,Pruth,O,KW46,20.76,1.69,1.05,0.44,,0,0,,,,,
06-05-2019,Mid,79,Calvert,KWAK,Calvert,Kwak,B,KW38,22.11,1.36,1.05,0.42,13,0,0,,,,,
04-09-2019,Init,1,Calvert,KWAK,Nanaimo,Heron,R,KW94,20.28,0.73,1.04,0.38,,0,0,,,,,
03-19-2019,Init,1,Calvert,KWAK,Calvert,Kwak,O,KW44,20.32,1.4,0.99,0.43,,0,0,,,,,
04-09-2019,Init,1,Calvert,KWAK,Nanaimo,Heron,Y,KW74,19.59,1.01,0.95,0.4,,0,0,,,,,
04-09-2019,Init,1,Calvert,KWAK,Nanaimo,Heron,Y,KW59,20.21,0.85,0.94,0.39,,0,0,,,,,
04-09-2019,Init,1,Calvert,KWAK,Nanaimo,Cedar,Y,KW80,20.45,0.96,0.92,0.38,,0,0,,,,,
04-09-2019,Init,1,Calvert,KWAK,Nanaimo,Cedar,B,KW69,20.65,0.67,0.92,0.36,,0,0,,,,,
04-09-2019,Init,1,Calvert,KWAK,Nanaimo,Cedar,B,KW83,19.52,0.7,0.89,0.39,,0,0,,,,,
03-19-2019,Init,1,Calvert,KWAK,Calvert,Kwak,O,KW41,20.04,1.36,0.88,0.33,,0,0,,,,,
04-09-2019,Init,1,Calvert,KWAK,Nanaimo,Heron,B,KW86,19.92,1.02,0.87,0.35,,0,0,,,,,
03-19-2019,Init,1,Calvert,KWAK,Calvert,Pruth,B,KW48,19.93,1.45,0.85,0.37,,0,0,,,,,
04-09-2019,Init,1,Calvert,KWAK,Nanaimo,Heron,O,KW77,20.17,0.59,0.84,0.32,,0,0,,,,,
04-09-2019,Init,1,Calvert,KWAK,Nanaimo,Heron,Y,KW96,19.02,1.9,0.84,0.32,,0,0,,,,,
04-09-2019,Init,1,Calvert,KWAK,Nanaimo,Cedar,Y,KW61,20.11,0.59,0.82,0.36,,0,0,,,,,
04-09-2019,Init,1,Calvert,KWAK,Nanaimo,Heron,B,KW64,19.83,0.53,0.8,0.32,,0,0,,,,,
04-09-2019,Init,1,Calvert,KWAK,Nanaimo,Cedar,R,KW90,19.39,0.98,0.76,0.29,,0,0,,,,,
04-09-2019,Init,1,Calvert,KWAK,Nanaimo,Heron,O,KW52,19.26,1.17,0.76,0.32,,0,0,,,,,
04-09-2019,Init,1,Calvert,KWAK,Nanaimo,Cedar,Y,KW82,19.36,1.37,0.74,0.29,,0,0,,,,,
04-09-2019,Init,1,Calvert,KWAK,Nanaimo,Heron,R,KW84,18.83,0.76,0.73,0.28,,0,0,,,,,
04-09-2019,Init,1,Calvert,KWAK,Nanaimo,Cedar,O,KW75,18.04,1.63,0.69,0.28,,0,0,,,,,
03-19-2019,Init,1,Calvert,KWAK,Calvert,Kwak,B,KW38,19.48,1.37,0.68,0.28,,0,0,,,,,
04-09-2019,Init,1,Calvert,KWAK,Nanaimo,Cedar,Y,KW55,19.01,0.51,0.68,0.28,,0,0,,,,,
04-09-2019,Init,1,Calvert,KWAK,Nanaimo,Cedar,O,KW73,18.04,0.63,0.67,0.28,,0,0,,,,,
04-09-2019,Init,1,Calvert,KWAK,Nanaimo,Cedar,O,KW89,18.03,0.42,0.63,0.23,,0,0,,,,,
04-09-2019,Init,1,Calvert,KWAK,Nanaimo,Heron,O,KW93,17.64,1.41,0.58,0.22,,0,0,,,,,
04-09-2019,Init,1,Calvert,KWAK,Nanaimo,Cedar,R,KW79,16.99,0.86,0.57,0.23,,0,0,,,,,
04-09-2019,Init,1,Calvert,KWAK,Nanaimo,Cedar,B,KW76,16.6,1.46,0.57,0.2,,0,0,,,,,
04-09-2019,Init,1,Calvert,KWAK,Nanaimo,Heron,B,KW81,17.2,0.73,0.57,0.22,,0,0,,,,,
04-09-2019,Init,1,Calvert,KWAK,Nanaimo,Heron,O,KW88,17.4,1.02,0.56,0.22,,0,0,,,,,
06-17-2019,Mid,79,Calvert,KWAK,Calvert,,,KW**,,,,,,1,0,DIED HERMIT CRAB,,,,
06-17-2019,Mid,70,Calvert,KWAK,Nanaimo,Cedar,R,KW62,,,,,,1,0,DIED HERMIT CRAB,,,,
06-17-2019,Mid,70,Calvert,KWAK,Nanaimo,Cedar,O,KW78,,,,,,1,0,DIED HERMIT CRAB,,,,
06-17-2019,Mid,70,Calvert,KWAK,Nanaimo,Cedar,R,KW66,,,,,,1,0,DIED HERMIT CRAB,,,,
06-17-2019,Mid,70,Calvert,KWAK,Nanaimo,Heron,B,KW92,,,,,,1,0,DIED HERMIT CRAB,,,,
06-17-2019,Mid,70,Calvert,KWAK,Nanaimo,Heron,R,KW49,,,,,,1,0,DIED HERMIT CRAB,,,,
08-02-2019,Final,137,Calvert,KWAK,Calvert,Pruth,Y,KW26,,,,,,1,0,DIED HERMIT CRAB,,,,
08-12-2019,Final,126,Calvert,KWAK,Nanaimo,Cedar,B,KW63,,,,,,1,0,DIED,,,,
08-12-2019,Final,126,Calvert,KWAK,Nanaimo,Cedar,B,KW99,,,,,,1,0,DIED,,,,
08-12-2019,Final,126,Calvert,KWAK,Nanaimo,Heron,R,KW54,,,,,,1,0,DIED HERMIT CRAB,,,,
08-12-2019,Final,126,Calvert,KWAK,Nanaimo,Heron,R,KW56,,,,,,1,0,DIED HERMIT CRAB,,,,
08-12-2019,Final,126,Calvert,KWAK,Nanaimo,Heron,R,KW53,,,,,,1,0,DIED HERMIT CRAB,,,,
08-02-2019,Final,137,Calvert,PRUTH,Calvert,Pruth,B,PO18,41.2,3.43,8.22,3.96,40,0,0,,,,,
08-04-2019,Final,139,Calvert,PRUTH,Calvert,Kwak,B,PO14,42.53,3.21,7.98,3.68,50,0,0,,,,,
08-02-2019,Final,137,Calvert,PRUTH,Calvert,Pruth,B,PO01,41.45,3.59,7.84,3.53,42,0,0,,,,,
08-12-2019,Final,126,Calvert,PRUTH,Nanaimo,Heron,B,PO73,37.59,3.39,7.84,4.09,30,0,0,,,,,
08-12-2019,Final,126,Calvert,PRUTH,Nanaimo,Heron,O,PO87,48.29,2.53,7.59,3.67,48,0,0,,,,,
08-02-2019,Final,137,Calvert,PRUTH,Calvert,Pruth,O,PO39,31.88,3.18,7.03,3.45,36,0,0,,,,,
08-12-2019,Final,126,Calvert,PRUTH,Nanaimo,Heron,R,PO78,36.92,3.31,6.92,3.32,38,0,0,,,,,
06-17-2019,Mid,70,Calvert,PRUTH,Nanaimo,Heron,B,PO73,36.14,3.31,6.86,,21,0,0,,,,,
08-02-2019,Final,137,Calvert,PRUTH,Calvert,Pruth,Y,PO04,38.22,3.39,6.84,3.16,10,0,0,,,,,
06-17-2019,Mid,70,Calvert,PRUTH,Nanaimo,Heron,R,PO78,36.45,2.83,6.69,,35,0,0,,,,,
08-02-2019,Final,137,Calvert,PRUTH,Calvert,Pruth,R,PO25,38.81,3.89,6.46,2.87,23,0,0,,,,,
08-04-2019,Final,139,Calvert,PRUTH,Calvert,Kwak,O,PO05,38.43,2.74,6.4,3.07,48,0,0,,,,,
08-04-2019,Final,139,Calvert,PRUTH,Calvert,Kwak,Y,PO24,35.83,3.03,6.39,3.04,14,0,0,,,,,
06-05-2019,Mid,79,Calvert,PRUTH,Calvert,Kwak,B,PO14,38.96,2.48,6.25,2.9,31,0,0,,,,,
08-12-2019,Final,126,Calvert,PRUTH,Nanaimo,Heron,O,PO79,38.5,1.26,6.25,3,87,0,0,,,,,
08-02-2019,Final,137,Calvert,PRUTH,Calvert,Pruth,R,PO35,37.01,3.57,6.18,2.86,22,0,0,,,,,
06-04-2019,Mid,78,Calvert,PRUTH,Calvert,Pruth,B,PO01,37.89,1.79,6.14,2.55,28,0,0,,,,,
06-04-2019,Mid,78,Calvert,PRUTH,Calvert,Pruth,B,PO18,36.95,2.09,6.04,2.91,20,0,0,,,,,
08-04-2019,Final,139,Calvert,PRUTH,Calvert,Kwak,O,PO36,39.05,3.33,6.01,2.66,10,0,0,,,,,
06-04-2019,Mid,78,Calvert,PRUTH,Calvert,Pruth,Y,PO04,36.38,4.73,5.86,2.58,0,0,0,,,,,
03-19-2019,Init,1,Calvert,PRUTH,Calvert,Pruth,Y,PO04,36.46,4.84,5.84,2.51,,0,0,,,,,
06-17-2019,Mid,70,Calvert,PRUTH,Nanaimo,Cedar,B,PO60,35.57,4.07,5.79,,5,0,0,,,,,
06-05-2019,Mid,79,Calvert,PRUTH,Calvert,Kwak,O,PO36,38.54,2.17,5.71,2.44,7,0,0,,,,,
08-02-2019,Final,137,Calvert,PRUTH,Calvert,Pruth,R,PO48,27.57,2.73,5.65,2.61,38,0,0,,,,,
08-04-2019,Final,139,Calvert,PRUTH,Calvert,Kwak,R,PO26,36.1,1.86,5.64,2.43,25,0,0,,,,,
08-02-2019,Final,137,Calvert,PRUTH,Calvert,Pruth,Y,PO03,33.84,2.52,5.62,2.84,14,0,0,,,,,
04-09-2019,Init,1,Calvert,PRUTH,Nanaimo,Cedar,B,PO60,35.66,3.05,5.29,2.23,,0,0,,,,,
08-12-2019,Final,126,Calvert,PRUTH,Nanaimo,Cedar,O,PO70,33.11,1.67,5.27,2.58,44,0,0,,,,,
08-12-2019,Final,126,Calvert,PRUTH,Nanaimo,Heron,Y,PO56,34.69,2.86,5.24,2.5,53,0,0,,,,,
03-19-2019,Init,1,Calvert,PRUTH,Calvert,Kwak,O,PO36,37.12,2.04,5.21,2.18,,0,0,,,,,
08-02-2019,Final,137,Calvert,PRUTH,Calvert,Pruth,Y,PO08,35.1,2.55,5.21,2.37,20,0,0,,,,,
03-19-2019,Init,1,Calvert,PRUTH,Calvert,Kwak,Y,PO24,32.88,3.53,5.16,2.45,,0,0,,,,,
06-05-2019,Mid,79,Calvert,PRUTH,Calvert,Kwak,Y,PO24,32.7,3.5,5.16,2.43,0,0,0,,,,,
08-02-2019,Final,137,Calvert,PRUTH,Calvert,Pruth,R,PO21,34.75,3.48,5.16,2.46,6,0,0,,,,,
08-12-2019,Final,126,Calvert,PRUTH,Nanaimo,Heron,O,PO72,35.42,2.27,5.11,2.5,18,0,0,,,,,
08-02-2019,Final,137,Calvert,PRUTH,Calvert,Pruth,O,PO32,34.08,3.58,5.04,2.29,26,0,0,,,,,
06-04-2019,Mid,78,Calvert,PRUTH,Calvert,Pruth,R,PO25,35.66,2.04,4.94,2.27,13,0,0,,,,,
04-09-2019,Init,1,Calvert,PRUTH,Nanaimo,Heron,B,PO73,32.7,1.64,4.92,2.29,,0,0,,,,,
06-17-2019,Mid,70,Calvert,PRUTH,Nanaimo,Heron,O,PO87,35.06,2.45,4.91,,27,0,0,,,,,
08-12-2019,Final,126,Calvert,PRUTH,Nanaimo,Cedar,O,PO97,36.42,1.23,4.88,2.19,17,0,0,,,,,
04-09-2019,Init,1,Calvert,PRUTH,Nanaimo,Heron,O,PO90,36.43,2.06,4.79,2.01,,0,0,,,,,
08-12-2019,Final,126,Calvert,PRUTH,Nanaimo,Cedar,R,PO55,32.3,4.14,4.79,2.3,4,0,0,,,,,
06-04-2019,Mid,78,Calvert,PRUTH,Calvert,Pruth,O,PO39,36.75,2.38,4.76,2.34,14,0,0,,,,,
06-17-2019,Mid,70,Calvert,PRUTH,Nanaimo,Cedar,R,PO55,32.4,4.24,4.76,,2,0,0,,,,,
08-04-2019,Final,139,Calvert,PRUTH,Calvert,Kwak,O,PO44,33.34,2.15,4.66,2.08,15,0,0,,,,,
06-04-2019,Mid,78,Calvert,PRUTH,Calvert,Pruth,Y,PO03,31.04,3.17,4.64,2.42,2,0,0,,,,,
08-12-2019,Final,126,Calvert,PRUTH,Nanaimo,Heron,B,PO62,33.93,2.99,4.63,2.08,6,0,0,,,,,
04-09-2019,Init,1,Calvert,PRUTH,Nanaimo,Cedar,R,PO55,32.44,4.04,4.6,2.15,,0,0,,,,,
03-19-2019,Init,1,Calvert,PRUTH,Calvert,Pruth,Y,PO03,30.86,3.37,4.55,2.24,,0,0,,,,,
06-04-2019,Mid,78,Calvert,PRUTH,Calvert,Pruth,R,PO21,33.75,3.19,4.55,2.09,2,0,0,,,,,
03-19-2019,Init,1,Calvert,PRUTH,Calvert,Pruth,B,PO18,32.85,1.71,4.54,2.26,,0,0,,,,,
08-04-2019,Final,139,Calvert,PRUTH,Calvert,Kwak,R,PO10,31.04,3.08,4.51,2.14,8,0,0,,,,,
08-02-2019,Final,137,Calvert,PRUTH,Calvert,Pruth,Y,PO30,34.87,2.66,4.5,2.08,7,0,0,,,,,
06-17-2019,Mid,70,Calvert,PRUTH,Nanaimo,Heron,B,PO62,33.86,3.18,4.46,,5,0,0,,,,,
08-02-2019,Final,137,Calvert,PRUTH,Calvert,Pruth,B,PO23,33.48,2.64,4.45,2.04,8,0,0,,,,,
03-19-2019,Init,1,Calvert,PRUTH,Calvert,Pruth,R,PO21,33.9,3.16,4.43,1.98,,0,0,,,,,
08-04-2019,Final,139,Calvert,PRUTH,Calvert,Kwak,R,PO20,32.97,2.74,4.39,1.96,5,0,0,,,,,
06-05-2019,Mid,79,Calvert,PRUTH,Calvert,Kwak,O,PO05,33.01,2.44,4.33,2.14,24,0,0,,,,,
06-17-2019,Mid,70,Calvert,PRUTH,Nanaimo,Heron,R,PO49,34.66,3.78,4.33,,4,0,0,,,,,
08-04-2019,Final,139,Calvert,PRUTH,Calvert,Kwak,Y,PO43,31.25,2.96,4.33,2,4,0,1,OSTRINA?,,,,
03-19-2019,Init,1,Calvert,PRUTH,Calvert,Kwak,Y,PO43,31.4,3.07,4.29,2.01,,0,0,,,,,
08-04-2019,Final,139,Calvert,PRUTH,Calvert,Kwak,O,PO34,31.54,2.27,4.29,2.01,8,0,1,OSTRINA?,,,,
06-05-2019,Mid,79,Calvert,PRUTH,Calvert,Kwak,Y,PO43,31.48,3.09,4.28,1.96,0,0,0,,,,,
06-17-2019,Mid,70,Calvert,PRUTH,Nanaimo,Cedar,O,PO97,33.77,1.81,4.26,,8,0,0,,,,,
08-12-2019,Final,126,Calvert,PRUTH,Nanaimo,Heron,R,PO49,34.37,3.14,4.23,1.9,5,0,1,OSTRINA?,,,,
04-09-2019,Init,1,Calvert,PRUTH,Nanaimo,Heron,R,PO49,34.72,3.14,4.22,1.83,,0,0,,,,,
04-09-2019,Init,1,Calvert,PRUTH,Nanaimo,Heron,B,PO62,34.03,2.81,4.22,1.85,,0,0,,,,,
06-05-2019,Mid,79,Calvert,PRUTH,Calvert,Kwak,R,PO26,31.73,2.87,4.19,4.86,1,0,0,,,,,
08-04-2019,Final,139,Calvert,PRUTH,Calvert,Kwak,Y,PO37,32.47,1.8,4.15,1.82,7,0,0,,,,,
03-19-2019,Init,1,Calvert,PRUTH,Calvert,Kwak,R,PO10,30.46,3.17,4.14,1.86,,0,0,,,,,
08-04-2019,Final,139,Calvert,PRUTH,Calvert,Kwak,R,PO33,32.45,2.34,4.12,1.85,10,0,0,,,,,
03-19-2019,Init,1,Calvert,PRUTH,Calvert,Kwak,R,PO20,32.73,2.91,4.11,1.84,,0,0,,,,,
03-19-2019,Init,1,Calvert,PRUTH,Calvert,Pruth,B,PO23,32.52,3.27,4.1,1.79,,0,0,,,,,
08-02-2019,Final,137,Calvert,PRUTH,Calvert,Pruth,B,PO16,31.3,2.65,4.1,1.88,6,0,0,,,,,
06-05-2019,Mid,79,Calvert,PRUTH,Calvert,Kwak,R,PO10,30.36,3.63,4.08,1.88,0,0,0,,,,,
06-17-2019,Mid,70,Calvert,PRUTH,Nanaimo,Heron,O,PO72,32.63,3.14,4.08,,5,0,0,,,,,
06-05-2019,Mid,79,Calvert,PRUTH,Calvert,Kwak,R,PO20,32.84,2.87,4.07,1.82,0,0,0,,,,,
04-09-2019,Init,1,Calvert,PRUTH,Nanaimo,Heron,O,PO72,32.96,3.12,4.06,1.8,,0,0,,,,,
08-12-2019,Final,126,Calvert,PRUTH,Nanaimo,Cedar,Y,PO51,32.94,2.99,4.04,1.77,4,0,0,,,,,
03-19-2019,Init,1,Calvert,PRUTH,Calvert,Kwak,B,PO14,31.6,1.02,4.03,2,,0,0,,,,,
03-19-2019,Init,1,Calvert,PRUTH,Calvert,Kwak,R,PO26,31.77,2.94,4.02,1.85,,0,0,,,,,
06-17-2019,Mid,70,Calvert,PRUTH,Nanaimo,Cedar,Y,PO81,29.34,3.22,4.02,,5,0,0,,,,,
06-17-2019,Mid,70,Calvert,PRUTH,Nanaimo,Cedar,Y,PO51,33.04,2.8,4.02,,3,0,0,,,,,
08-12-2019,Final,126,Calvert,PRUTH,Nanaimo,Heron,Y,PO77,30.83,3.65,4.02,1.89,9,0,0,,,,,
06-04-2019,Mid,78,Calvert,PRUTH,Calvert,Pruth,Y,PO30,33.01,3.13,4.01,1.74,1,0,0,,,,,
08-04-2019,Final,139,Calvert,PRUTH,Calvert,Kwak,Y,PO13,31.46,2.2,4.01,1.81,5,0,0,,,,,
03-19-2019,Init,1,Calvert,PRUTH,Calvert,Pruth,R,PO25,33.54,2.53,3.99,1.75,,0,0,,,,,
03-19-2019,Init,1,Calvert,PRUTH,Calvert,Pruth,Y,PO30,33.38,2.9,3.98,1.74,,0,0,,,,,
04-09-2019,Init,1,Calvert,PRUTH,Nanaimo,Cedar,O,PO97,33.89,1.44,3.98,1.83,,0,0,,,,,
06-04-2019,Mid,78,Calvert,PRUTH,Calvert,Pruth,B,PO23,32.35,3.13,3.98,1.82,2,0,0,,,,,
08-02-2019,Final,137,Calvert,PRUTH,Calvert,Pruth,B,PO40,32.47,2.93,3.97,1.83,5,0,0,,,,,
08-02-2019,Final,137,Calvert,PRUTH,Calvert,Pruth,O,PO19,32.77,2.42,3.95,1.74,11,0,0,,,,,
08-12-2019,Final,126,Calvert,PRUTH,Nanaimo,Heron,B,PO92,30.95,3,3.95,1.87,39,0,0,,,,,
03-19-2019,Init,1,Calvert,PRUTH,Calvert,Pruth,B,PO01,32.55,2.06,3.93,1.72,,0,0,,,,,
06-05-2019,Mid,79,Calvert,PRUTH,Calvert,Kwak,O,PO34,30.07,2.53,3.91,1.74,2,0,0,,,,,
08-02-2019,Final,137,Calvert,PRUTH,Calvert,Pruth,R,PO15,32.57,3.2,3.9,1.75,17,0,0,,,,,
06-04-2019,Mid,78,Calvert,PRUTH,Calvert,Pruth,Y,PO08,30.37,2.52,3.87,1.82,3,0,0,,,,,
08-02-2019,Final,137,Calvert,PRUTH,Calvert,Pruth,O,PO31,30.09,2.84,3.87,1.75,10,0,0,,,,,
03-19-2019,Init,1,Calvert,PRUTH,Calvert,Pruth,B,PO16,31,2.45,3.86,1.74,,0,0,,,,,
03-19-2019,Init,1,Calvert,PRUTH,Calvert,Kwak,O,PO34,29.69,2.64,3.84,1.7,,0,0,,,,,
03-19-2019,Init,1,Calvert,PRUTH,Calvert,Pruth,B,PO40,31.55,2.46,3.84,1.78,,0,0,,,,,
08-04-2019,Final,139,Calvert,PRUTH,Calvert,Kwak,O,PO12,33.29,1.79,3.83,1.75,24,0,0,,,,,
06-04-2019,Mid,78,Calvert,PRUTH,Calvert,Pruth,B,PO40,31.41,2.34,3.82,1.77,0,0,0,,,,,
06-05-2019,Mid,79,Calvert,PRUTH,Calvert,Kwak,Y,PO37,31.42,2.85,3.82,1.64,0,0,0,,,,,
08-12-2019,Final,126,Calvert,PRUTH,Nanaimo,Heron,Y,PO63,31.38,4.12,3.82,1.72,7,0,1,OSTRINA?,,,,
03-19-2019,Init,1,Calvert,PRUTH,Calvert,Kwak,Y,PO37,31.5,2.54,3.81,1.67,,0,0,,,,,
03-19-2019,Init,1,Calvert,PRUTH,Calvert,Kwak,Y,PO13,31,2.31,3.8,1.61,,0,0,,,,,
06-17-2019,Mid,70,Calvert,PRUTH,Nanaimo,Cedar,B,PO67,32.19,3.17,3.8,,6,0,0,,,,,
08-12-2019,Final,126,Calvert,PRUTH,Nanaimo,Heron,Y,PO61,30.45,2.72,3.8,1.85,19,0,0,,,,,
06-04-2019,Mid,78,Calvert,PRUTH,Calvert,Pruth,B,PO16,30.88,2.56,3.79,1.67,1,0,0,,,,,
03-19-2019,Init,1,Calvert,PRUTH,Calvert,Pruth,Y,PO08,30.28,2.92,3.78,1.68,,0,0,,,,,
08-02-2019,Final,137,Calvert,PRUTH,Calvert,Pruth,O,PO02,31.66,3.04,3.78,1.74,7,0,0,,,,,
04-09-2019,Init,1,Calvert,PRUTH,Nanaimo,Cedar,Y,PO51,33.27,2.65,3.77,1.62,,0,0,,,,,
03-19-2019,Init,1,Calvert,PRUTH,Calvert,Kwak,B,PO22,33.38,2.48,3.76,1.56,,0,0,,,,,
03-19-2019,Init,1,Calvert,PRUTH,Calvert,Pruth,R,PO35,32.62,2.66,3.75,1.67,,0,0,,,,,
08-02-2019,Final,137,Calvert,PRUTH,Calvert,Pruth,Y,PO29,31.5,3.05,3.74,1.74,5,0,0,,,,,
08-04-2019,Final,139,Calvert,PRUTH,Calvert,Kwak,B,PO22,33.08,2.57,3.73,1.53,2,0,0,,,,,
06-04-2019,Mid,78,Calvert,PRUTH,Calvert,Pruth,O,PO32,30.59,2.07,3.72,1.63,14,0,0,,,,,
08-12-2019,Final,126,Calvert,PRUTH,Nanaimo,Heron,Y,PO96,30.1,1.64,3.71,1.74,45,0,0,,,,,
04-09-2019,Init,1,Calvert,PRUTH,Nanaimo,Heron,O,PO53,32.74,2.14,3.68,1.55,,0,0,,,,,
06-05-2019,Mid,79,Calvert,PRUTH,Calvert,Kwak,Y,PO13,30.96,2.61,3.67,1.64,0,0,0,,,,,
06-05-2019,Mid,79,Calvert,PRUTH,Calvert,Kwak,B,PO22,33.01,2.52,3.67,1.54,0,0,0,,,,,
03-19-2019,Init,1,Calvert,PRUTH,Calvert,Pruth,O,PO39,33.55,0.96,3.66,1.68,,0,0,,,,,
06-04-2019,Mid,78,Calvert,PRUTH,Calvert,Pruth,R,PO48,32.13,1.63,3.66,1.58,17,0,0,,,,,
08-04-2019,Final,139,Calvert,PRUTH,Calvert,Kwak,Y,PO11,30.47,2,3.66,1.59,9,0,0,,,,,
03-19-2019,Init,1,Calvert,PRUTH,Calvert,Kwak,O,PO44,30,2.43,3.6,1.56,,0,0,,,,,
08-12-2019,Final,126,Calvert,PRUTH,Nanaimo,Heron,B,PO95,30.64,3.38,3.6,1.61,5,0,0,,,,,
06-05-2019,Mid,79,Calvert,PRUTH,Calvert,Kwak,O,PO44,30.11,2.59,3.57,1.58,0,0,0,,,,,
08-02-2019,Final,137,Calvert,PRUTH,Calvert,Pruth,B,PO46,30.27,2.6,3.53,1.65,18,0,0,,,,,
08-12-2019,Final,126,Calvert,PRUTH,Nanaimo,Heron,B,PO83,30.98,1.76,3.53,1.66,35,0,0,,,,,
04-09-2019,Init,1,Calvert,PRUTH,Nanaimo,Heron,R,PO78,29.51,0.84,3.51,1.72,,0,0,,,,,
03-19-2019,Init,1,Calvert,PRUTH,Calvert,Kwak,B,PO28,29.7,2.71,3.5,0.32,,0,0,,,,,
06-17-2019,Mid,70,Calvert,PRUTH,Nanaimo,Heron,Y,PO77,30.62,3.73,3.49,,4,0,0,,,,,
04-09-2019,Init,1,Calvert,PRUTH,Nanaimo,Cedar,Y,PO81,28.97,1.27,3.47,1.69,,0,0,,,,,
06-17-2019,Mid,70,Calvert,PRUTH,Nanaimo,Heron,Y,PO63,31.35,3.26,3.47,,1,0,0,,,,,
04-09-2019,Init,1,Calvert,PRUTH,Nanaimo,Cedar,B,PO67,31.67,2.13,3.44,1.28,,0,0,,,,,
03-19-2019,Init,1,Calvert,PRUTH,Calvert,Kwak,B,PO38,29.43,2.76,3.43,1.48,,0,0,,,,,
04-09-2019,Init,1,Calvert,PRUTH,Nanaimo,Heron,Y,PO63,31.75,2.99,3.41,1.54,,0,0,,,,,
06-17-2019,Mid,70,Calvert,PRUTH,Nanaimo,Heron,B,PO92,30.39,2.26,3.41,,32,0,0,,,,,
08-04-2019,Final,139,Calvert,PRUTH,Calvert,Kwak,Y,PO27,30.59,2.37,3.41,1.54,1,0,0,,,,,
03-19-2019,Init,1,Calvert,PRUTH,Calvert,Kwak,R,PO33,30.71,2.64,3.39,1.42,,0,0,,,,,
08-12-2019,Final,126,Calvert,PRUTH,Nanaimo,Heron,B,PO54,29.72,3.22,3.39,1.59,3,0,1,OSTRINA?,,,,
06-04-2019,Mid,78,Calvert,PRUTH,Calvert,Pruth,Y,PO29,31.27,3.02,3.37,1.63,1,0,0,,,,,
06-17-2019,Mid,70,Calvert,PRUTH,Nanaimo,Heron,B,PO95,30.68,2.83,3.36,,2,0,0,,,,,
06-05-2019,Mid,79,Calvert,PRUTH,Calvert,Kwak,R,PO33,30.7,2.6,3.35,1.46,0,0,0,,,,,
06-05-2019,Mid,79,Calvert,PRUTH,Calvert,Kwak,O,PO17,30.79,1.56,3.35,1.51,7,0,0,,,,,
03-19-2019,Init,1,Calvert,PRUTH,Calvert,Kwak,Y,PO27,30.98,2.81,3.34,1.5,,0,0,,,,,
03-19-2019,Init,1,Calvert,PRUTH,Calvert,Pruth,Y,PO29,31.49,2.98,3.34,1.5,,0,0,,,,,
06-05-2019,Mid,79,Calvert,PRUTH,Calvert,Kwak,Y,PO27,30.82,2.74,3.34,1.52,0,0,0,,,,,
06-04-2019,Mid,78,Calvert,PRUTH,Calvert,Pruth,O,PO19,30.89,2.68,3.33,1.6,0,0,0,,,,,
06-17-2019,Mid,70,Calvert,PRUTH,Nanaimo,Heron,B,PO54,29.7,3.3,3.33,,3,0,0,,,,,
08-04-2019,Final,139,Calvert,PRUTH,Calvert,Kwak,B,PO38,29.36,2.77,3.33,1.46,2,0,0,,,,,
08-04-2019,Final,139,Calvert,PRUTH,Calvert,Kwak,B,PO09,28.18,2.57,3.33,1.47,6,0,0,,,,,
06-05-2019,Mid,79,Calvert,PRUTH,Calvert,Kwak,B,PO38,28.26,2.77,3.29,1.47,0,0,0,,,,,
06-04-2019,Mid,78,Calvert,PRUTH,Calvert,Pruth,O,PO02,30.57,2.45,3.27,1.65,0,0,0,,,,,
08-04-2019,Final,139,Calvert,PRUTH,Calvert,Kwak,O,PO17,30.71,1.44,3.27,1.48,6,0,0,,,,,
03-19-2019,Init,1,Calvert,PRUTH,Calvert,Pruth,O,PO02,30.64,2.48,3.25,1.4,,0,0,,,,,
04-09-2019,Init,1,Calvert,PRUTH,Nanaimo,Heron,B,PO54,29.78,2.72,3.25,1.45,,0,0,,,,,
03-19-2019,Init,1,Calvert,PRUTH,Calvert,Pruth,O,PO19,30.94,2.64,3.24,1.38,,0,0,,,,,
04-09-2019,Init,1,Calvert,PRUTH,Nanaimo,Cedar,R,PO50,30.75,1.98,3.22,1.37,,0,0,,,,,
03-19-2019,Init,1,Calvert,PRUTH,Calvert,Kwak,B,PO09,29.44,3.13,3.19,1.42,,0,0,,,,,
08-04-2019,Final,139,Calvert,PRUTH,Calvert,Kwak,R,PO42,31.01,1.94,3.18,1.29,2,0,0,,,,,
04-09-2019,Init,1,Calvert,PRUTH,Nanaimo,Heron,B,PO95,31.03,3.2,3.16,1.33,,0,0,,,,,
04-09-2019,Init,1,Calvert,PRUTH,Nanaimo,Heron,Y,PO77,30.38,3.33,3.16,1.38,,0,0,,,,,
08-04-2019,Final,139,Calvert,PRUTH,Calvert,Kwak,R,PO07,29.8,1.81,3.16,1.35,6,0,1,OSTRINA?,,,,
08-12-2019,Final,126,Calvert,PRUTH,Nanaimo,Heron,Y,PO91,29.29,2.04,3.13,1.55,45,0,0,,,,,
03-19-2019,Init,1,Calvert,PRUTH,Calvert,Kwak,R,PO42,30.53,2.27,3.1,1.29,,0,0,,,,,
06-05-2019,Mid,79,Calvert,PRUTH,Calvert,Kwak,B,PO09,29.2,2.79,3.1,1.39,0,0,0,,,,,
06-17-2019,Mid,70,Calvert,PRUTH,Nanaimo,Cedar,O,PO70,27.22,2.52,3.1,,18,0,0,,,,,
03-19-2019,Init,1,Calvert,PRUTH,Calvert,Kwak,O,PO17,29.29,2.13,3.09,1.39,,0,0,,,,,
06-05-2019,Mid,79,Calvert,PRUTH,Calvert,Kwak,R,PO42,30.81,1.99,3.09,1.29,1,0,0,,,,,
06-05-2019,Mid,79,Calvert,PRUTH,Calvert,Kwak,Y,PO11,29.51,2.17,3.09,1.31,0,0,0,,,,,
03-19-2019,Init,1,Calvert,PRUTH,Calvert,Kwak,Y,PO11,29.5,2.02,3.07,1.32,,0,0,,,,,
06-04-2019,Mid,78,Calvert,PRUTH,Calvert,Pruth,O,PO31,28.6,2.17,3.07,1.6,3,0,0,,,,,
08-04-2019,Final,139,Calvert,PRUTH,Calvert,Kwak,B,PO47,30.15,1.79,3.06,1.31,4,0,1,OSTRINA?,,,,
08-04-2019,Final,139,Calvert,PRUTH,Calvert,Kwak,B,PO28,29.29,2.57,3.03,1.3,3,0,1,OSTRINA?,,,,
06-04-2019,Mid,78,Calvert,PRUTH,Calvert,Pruth,B,PO46,28.08,1.33,2.97,1.32,11,0,0,,,,,
06-05-2019,Mid,79,Calvert,PRUTH,Calvert,Kwak,B,PO28,28.84,2.41,2.96,1.31,0,0,0,,,,,
06-17-2019,Mid,70,Calvert,PRUTH,Nanaimo,Heron,Y,PO56,29.78,2.82,2.95,,38,0,0,,,,,
03-19-2019,Init,1,Calvert,PRUTH,Calvert,Kwak,R,PO07,28.74,2.07,2.94,1.24,,0,0,,,,,
04-09-2019,Init,1,Calvert,PRUTH,Nanaimo,Heron,O,PO87,29.68,1.24,2.93,1.4,,0,0,,,,,
06-05-2019,Mid,79,Calvert,PRUTH,Calvert,Kwak,B,PO47,29.48,1.88,2.93,1.23,0,0,0,,,,,
03-19-2019,Init,1,Calvert,PRUTH,Calvert,Pruth,O,PO31,28.7,2.36,2.9,1.25,,0,0,,,,,
06-04-2019,Mid,78,Calvert,PRUTH,Calvert,Pruth,R,PO15,29.29,2.13,2.89,1.2,5,0,0,,,,,
03-19-2019,Init,1,Calvert,PRUTH,Calvert,Pruth,O,PO32,28.3,2.72,2.87,1.31,,0,0,,,,,
03-19-2019,Init,1,Calvert,PRUTH,Calvert,Kwak,O,PO05,27.44,1.09,2.83,1.47,,0,0,,,,,
03-19-2019,Init,1,Calvert,PRUTH,Calvert,Pruth,R,PO41,27.07,1.56,2.83,1.41,,0,0,,,,,
06-05-2019,Mid,79,Calvert,PRUTH,Calvert,Kwak,R,PO07,28.81,2.04,2.81,1.22,0,0,0,,,,,
03-19-2019,Init,1,Calvert,PRUTH,Calvert,Kwak,B,PO47,29.35,1.98,2.8,1.22,,0,0,,,,,
03-19-2019,Init,1,Calvert,PRUTH,Calvert,Pruth,R,PO48,28.22,2.04,2.8,1.22,,0,0,,,,,
03-19-2019,Init,1,Calvert,PRUTH,Calvert,Pruth,Y,PO06,29,2.44,2.73,1.18,,0,0,,,,,
08-02-2019,Final,137,Calvert,PRUTH,Calvert,Pruth,O,PO45,28.85,2.16,2.73,1.15,12,0,0,,,,,
08-12-2019,Final,126,Calvert,PRUTH,Nanaimo,Heron,R,PO75,25.51,2.38,2.72,1.32,30,0,0,,,,,
06-04-2019,Mid,78,Calvert,PRUTH,Calvert,Pruth,R,PO35,34.56,2.13,2.69,2.15,13,0,0,,L,T,,
08-12-2019,Final,126,Calvert,PRUTH,Nanaimo,Cedar,O,PO59,26.88,3,2.68,1.25,4,0,0,,,,,
06-17-2019,Mid,70,Calvert,PRUTH,Nanaimo,Heron,R,PO75,25.85,2.26,2.67,,29,0,0,,,,,
03-19-2019,Init,1,Calvert,PRUTH,Calvert,Kwak,O,PO12,28,1.47,2.66,1.24,,0,0,,,,,
06-17-2019,Mid,70,Calvert,PRUTH,Nanaimo,Heron,O,PO79,27.66,1.67,2.66,,41,0,0,,,,,
06-05-2019,Mid,79,Calvert,PRUTH,Calvert,Kwak,O,PO12,27.99,1.88,2.65,1.29,0,0,0,,,,,
08-12-2019,Final,126,Calvert,PRUTH,Nanaimo,Cedar,O,PO64,27.66,2.68,2.63,1.18,4,0,0,,,,,
04-09-2019,Init,1,Calvert,PRUTH,Nanaimo,Cedar,B,PO80,29.4,2.17,2.62,1.01,,0,0,,,,,
06-17-2019,Mid,70,Calvert,PRUTH,Nanaimo,Cedar,O,PO64,27.72,2.57,2.6,,5,0,0,,,,,
06-17-2019,Mid,70,Calvert,PRUTH,Nanaimo,Heron,Y,PO61,27.57,2.62,2.6,,2,0,0,,,,,
04-09-2019,Init,1,Calvert,PRUTH,Nanaimo,Heron,R,PO57,27.38,1.68,2.57,1.12,,0,0,,,,,
03-19-2019,Init,1,Calvert,PRUTH,Calvert,Pruth,R,PO15,29.13,1.63,2.56,1.1,,0,0,,,,,
04-09-2019,Init,1,Calvert,PRUTH,Nanaimo,Heron,Y,PO61,27.54,2.24,2.56,1.12,,0,0,,,,,
06-17-2019,Mid,70,Calvert,PRUTH,Nanaimo,Cedar,B,PO80,29.23,2.38,2.56,,2,0,0,,,,,
06-17-2019,Mid,70,Calvert,PRUTH,Nanaimo,Cedar,O,PO59,27.2,2.75,2.54,,0,0,0,,,,,
03-19-2019,Init,1,Calvert,PRUTH,Calvert,Pruth,B,PO46,26.46,2.18,2.5,1.12,,0,0,,,,,
08-12-2019,Final,126,Calvert,PRUTH,Nanaimo,Cedar,R,PO69,25.94,1.55,2.49,1.2,28,0,0,,,,,
04-09-2019,Init,1,Calvert,PRUTH,Nanaimo,Cedar,O,PO64,27.75,2.29,2.42,1.05,,0,0,,,,,
04-09-2019,Init,1,Calvert,PRUTH,Nanaimo,Cedar,O,PO59,27.29,1.79,2.4,1.05,,0,0,,,,,
08-12-2019,Final,126,Calvert,PRUTH,Nanaimo,Heron,R,PO76,24.36,2.39,2.32,1.13,32,0,0,,,,,
08-12-2019,Final,126,Calvert,PRUTH,Nanaimo,Heron,R,PO82,22.99,2.43,2.21,1.11,35,0,0,Dropped shell in seawater table after experiment so didn't freeze,,,,
06-04-2019,Mid,78,Calvert,PRUTH,Calvert,Pruth,O,PO45,26.88,1.34,2.19,1.04,5,0,0,,,,,
06-17-2019,Mid,70,Calvert,PRUTH,Nanaimo,Heron,Y,PO96,25.97,2.52,2.14,,26,0,0,,,,,
06-17-2019,Mid,70,Calvert,PRUTH,Nanaimo,Heron,B,PO83,26.88,2.09,2.13,,38,0,0,,,,,
03-19-2019,Init,1,Calvert,PRUTH,Calvert,Pruth,O,PO45,26.75,0.99,2.02,0.79,,0,0,,,,,
08-12-2019,Final,126,Calvert,PRUTH,Nanaimo,Cedar,O,PO85,23.4,2.31,1.98,1,21,0,0,,,,,
06-17-2019,Mid,70,Calvert,PRUTH,Nanaimo,Heron,R,PO82,23.18,2.1,1.91,,32,0,0,,,,,
06-17-2019,Mid,70,Calvert,PRUTH,Nanaimo,Cedar,Y,PO84,24,2.37,1.87,,28,0,0,,,,,
08-12-2019,Final,126,Calvert,PRUTH,Nanaimo,Heron,O,PO99,22.43,1.69,1.83,0.88,22,0,0,,,,,
04-09-2019,Init,1,Calvert,PRUTH,Nanaimo,Cedar,O,PO70,24.53,1.03,1.82,0.86,,0,0,,,,,
06-17-2019,Mid,70,Calvert,PRUTH,Nanaimo,Heron,R,PO76,23.81,2.28,1.75,,27,0,0,,,,,
06-17-2019,Mid,70,Calvert,PRUTH,Nanaimo,Cedar,R,PO69,23.1,2.64,1.74,,13,0,0,,,,,
04-09-2019,Init,1,Calvert,PRUTH,Nanaimo,Heron,B,PO92,22.42,0.64,1.35,0.59,,0,0,,,,,
06-17-2019,Mid,70,Calvert,PRUTH,Nanaimo,Heron,Y,PO91,21.97,2.14,1.27,,15,0,0,,,,,
06-17-2019,Mid,70,Calvert,PRUTH,Nanaimo,Cedar,O,PO85,20.84,1.72,1.24,,6,0,0,,,,,
06-17-2019,Mid,70,Calvert,PRUTH,Nanaimo,Heron,O,PO99,20.04,1.95,1.16,,8,0,0,,,,,
04-09-2019,Init,1,Calvert,PRUTH,Nanaimo,Heron,Y,PO56,21.96,0.48,1.12,0.46,,0,0,,,,,
04-09-2019,Init,1,Calvert,PRUTH,Nanaimo,Heron,R,PO75,20.21,0.78,1.1,0.48,,0,0,,,,,
04-09-2019,Init,1,Calvert,PRUTH,Nanaimo,Cedar,R,PO69,21.01,1.06,1.07,0.49,,0,0,,,,,
08-12-2019,Final,126,Calvert,PRUTH,Nanaimo,Cedar,B,PO52,18.63,1.91,1.05,0.52,15,0,0,,,,,
04-09-2019,Init,1,Calvert,PRUTH,Nanaimo,Cedar,O,PO85,20.88,0.67,1.02,0.44,,0,0,,,,,
04-09-2019,Init,1,Calvert,PRUTH,Nanaimo,Cedar,Y,PO93,20.17,0.58,0.97,0.44,,0,0,,,,,
04-09-2019,Init,1,Calvert,PRUTH,Nanaimo,Cedar,R,PO94,20.37,0.79,0.94,0.42,,0,0,,,,,
04-09-2019,Init,1,Calvert,PRUTH,Nanaimo,Heron,Y,PO96,20.43,0.78,0.89,0.35,,0,0,,,,,
06-17-2019,Mid,70,Calvert,PRUTH,Nanaimo,Cedar,B,PO52,18.33,2.05,0.89,,8,0,0,,,,,
04-09-2019,Init,1,Calvert,PRUTH,Nanaimo,Cedar,Y,PO71,16.99,1.55,0.85,0.43,,0,0,,,,,
04-09-2019,Init,1,Calvert,PRUTH,Nanaimo,Heron,R,PO76,19.89,0.54,0.85,0.36,,0,0,,,,,
04-09-2019,Init,1,Calvert,PRUTH,Nanaimo,Cedar,O,PO98,18.31,0.91,0.81,0.4,,0,0,,,,,
04-09-2019,Init,1,Calvert,PRUTH,Nanaimo,Heron,O,PO99,18.03,0.89,0.81,0.35,,0,0,,,,,
04-09-2019,Init,1,Calvert,PRUTH,Nanaimo,Cedar,Y,PO84,18.46,1.04,0.8,0.4,,0,0,,,,,
04-09-2019,Init,1,Calvert,PRUTH,Nanaimo,Heron,O,PO79,18.17,1.1,0.77,0.33,,0,0,,,,,
04-09-2019,Init,1,Calvert,PRUTH,Nanaimo,Cedar,R,PO65,18.65,1.3,0.76,0.34,,0,0,,,,,
04-09-2019,Init,1,Calvert,PRUTH,Nanaimo,Heron,Y,PO91,19.41,0.43,0.75,0.3,,0,0,,,,,
04-09-2019,Init,1,Calvert,PRUTH,Nanaimo,Cedar,Y,PO74,18.28,0.64,0.73,0.31,,0,0,,,,,
04-09-2019,Init,1,Calvert,PRUTH,Nanaimo,Heron,R,PO82,17.55,0.76,0.73,0.33,,0,0,,,,,
04-09-2019,Init,1,Calvert,PRUTH,Nanaimo,Cedar,R,PO66,19.18,0.84,0.69,0.3,,0,0,,,,,
04-09-2019,Init,1,Calvert,PRUTH,Nanaimo,Heron,B,PO83,17.15,0.95,0.62,0.26,,0,0,,,,,
04-09-2019,Init,1,Calvert,PRUTH,Nanaimo,Cedar,B,PO52,17.21,0.74,0.6,0.27,,0,0,,,,,
06-17-2019,Mid,70,Calvert,PRUTH,Nanaimo,Cedar,B,PO86,16.15,1,0.55,,0,0,0,,,,,
04-09-2019,Init,1,Calvert,PRUTH,Nanaimo,Cedar,B,PO89,26.99,0.57,0.52,0.22,,0,0,,,,,
04-09-2019,Init,1,Calvert,PRUTH,Nanaimo,Cedar,B,PO86,17.92,0.82,0.52,0.22,,0,0,,,,,
06-04-2019,Mid,78,Calvert,PRUTH,Calvert,Pruth,R,PO41,,,,,,1,0,DIED HERMIT CRAB,26.54,1.04,,
06-04-2019,Mid,78,Calvert,PRUTH,Calvert,Pruth,Y,PO06,,,,,,1,0,DIED HERMIT CRAB,28.75,2.23,,
06-17-2019,Mid,70,Calvert,PRUTH,Nanaimo,Cedar,R,PO50,,,,,,1,0,DIED HERMIT CRAB,,,,
06-17-2019,Mid,70,Calvert,PRUTH,Nanaimo,Heron,O,PO90,,,,,,1,0,DIED HERMIT CRAB,,,,
06-17-2019,Mid,70,Calvert,PRUTH,Nanaimo,Heron,R,PO57,,,,,,1,0,DIED HERMIT CRAB,,,,
06-17-2019,Mid,70,Calvert,PRUTH,Nanaimo,Heron,O,PO53,,,,,,1,0,DIED HERMIT CRAB,,,,
08-12-2019,Final,126,Calvert,PRUTH,Nanaimo,Cedar,Y,PO84,,,,,,1,0,DIED HERMIT CRAB,,,,
08-12-2019,Final,126,Calvert,PRUTH,Nanaimo,Cedar,Y,PO81,,,,,,1,0,DIED,,,,
08-12-2019,Final,126,Calvert,PRUTH,Nanaimo,Cedar,B,PO60,,,,,,1,0,DIED HERMIT CRAB,,,,
08-12-2019,Final,126,Calvert,PRUTH,Nanaimo,Cedar,B,PO67,,,,,,1,0,DIED HERMIT CRAB,,,,
08-12-2019,Final,126,Calvert,PRUTH,Nanaimo,Cedar,B,PO80,,,,,,1,0,DIED HERMIT CRAB,,,,